t,anomaly_label
0.0,0
0.175144,0
0.180143,0
0.185144,0
0.193938,0
0.235134,0
0.285127,0
0.33512,0
1.20599,0
1.365031,0
1.37001,0
1.375005,0
1.419975,0
1.464962,0
1.519952,0
1.564947,0
1.569945,0
1.619938,0
1.664981,0
1.669931,0
1.719923,0
1.764925,0
1.769916,0
1.81492,0
1.864904,0
1.869904,0
1.919895,0
1.964889,0
1.969888,0
2.000923,0
2.019881,0
2.064875,0
2.069874,0
2.119867,0
2.16486,0
2.219853,0
2.264846,0
2.269846,0
2.319839,0
2.364832,0
2.369832,0
2.419825,0
2.464823,0
2.469817,0
2.514811,0
2.564804,0
2.569803,0
2.619796,0
2.66479,0
2.66979,0
2.719782,0
2.764824,0
2.769775,0
2.819769,0
2.864761,0
2.919754,0
2.964748,0
2.969747,0
2.996495,0
3.019743,0
3.06477,0
3.06976,0
3.119729,0
3.16472,0
3.169719,0
3.214713,0
3.264706,0
3.269705,0
3.319701,0
3.364691,0
3.369691,0
3.419683,0
3.464677,0
3.469676,0
3.519669,0
3.564663,0
3.619655,0
3.664649,0
3.669649,0
3.719641,0
3.764638,0
3.819632,0
3.864616,0
3.869619,0
3.914613,0
3.964606,0
3.969606,0
3.995929,0
4.019598,0
4.064592,0
4.069592,0
4.119584,0
4.164623,0
4.169577,0
4.21957,0
4.264564,0
4.269563,0
4.319556,0
4.36455,0
4.369549,0
4.419541,0
4.464535,0
4.469535,0
4.519528,0
4.564521,0
4.56952,0
4.619513,0
4.664507,0
4.669507,0
4.719499,0
4.764493,0
4.769492,0
4.819532,0
4.864488,0
4.869493,0
4.919488,0
4.964464,0
4.969464,0
4.996923,0
5.019456,0
5.06445,0
5.06945,0
5.119443,0
5.164436,0
5.219431,0
5.264429,0
5.269423,0
5.319414,0
5.364408,0
5.36943,0
5.4194,0
5.464393,0
5.469394,0
5.519386,0
5.564379,0
5.569379,0
5.619372,0
5.664365,0
5.669365,0
5.719357,0
5.764351,0
5.769351,0
5.819344,0
5.864337,0
5.869344,0
5.919329,0
5.964323,0
5.969323,0
6.000042,0
6.019316,0
6.064309,0
6.069308,0
6.119301,0
6.164294,0
6.169331,0
6.219293,0
6.26428,0
6.26928,0
6.319273,0
6.364266,0
6.369266,0
6.419258,0
6.464257,0
6.469252,0
6.519244,0
6.564284,0
6.569291,0
6.619247,0
6.664227,0
6.669262,0
6.719216,0
6.764209,0
6.769209,0
6.819226,0
6.864195,0
6.869194,0
6.919189,0
6.964181,0
6.969184,0
6.997957,0
7.019176,0
7.064167,0
7.069166,0
7.11916,0
7.164159,0
7.169153,0
7.219145,0
7.264139,0
7.269139,0
7.31913,0
7.364124,0
7.369124,0
7.419116,0
7.46411,0
7.469109,0
7.519102,0
7.564096,0
7.569095,0
7.619088,0
7.664082,0
7.669081,0
7.719074,0
7.764069,0
7.769066,0
7.81906,0
7.864053,0
7.869052,0
7.919047,0
7.964039,0
7.969038,0
7.992925,0
8.019031,0
8.064025,0
8.069024,0
8.119017,0
8.164011,0
8.16901,0
8.219003,0
8.263996,0
8.268996,0
8.318991,0
8.364013,0
8.369011,0
8.418973,0
8.46399,0
8.468968,0
8.51896,0
8.563954,0
8.568953,0
8.618955,0
8.663939,0
8.66894,0
8.718932,0
8.763925,0
8.768924,0
8.818917,0
8.863911,0
8.86891,0
8.918904,0
8.963897,0
8.968896,0
9.000923,0
9.018889,0
9.063883,0
9.068882,0
9.118875,0
9.163869,0
9.168868,0
9.218861,0
9.263854,0
9.268853,0
9.318846,0
9.36384,0
9.368844,0
9.418832,0
9.463826,0
9.468825,0
9.518818,0
9.563836,0
9.568811,0
9.618804,0
9.663797,0
9.668796,0
9.718789,0
9.763783,0
9.768782,0
9.818775,0
9.863769,0
9.868768,0
9.918763,0
9.963754,0
9.968754,0
9.996928,0
10.018747,0
10.06374,0
10.06874,0
10.118733,0
10.163731,0
10.168728,0
10.218741,0
10.263715,0
10.268722,0
10.318704,0
10.363697,0
10.368696,0
10.41869,0
10.463683,0
10.468683,0
10.518675,0
10.563669,0
10.568668,0
10.618661,0
10.663655,0
10.668654,0
10.718647,0
10.76364,0
10.76864,0
10.818637,0
10.863631,0
10.86863,0
10.918618,0
10.963612,0
10.968612,0
10.994707,0
11.018604,0
11.063597,0
11.068597,0
11.118589,0
11.163583,0
11.168583,0
11.218579,0
11.263569,0
11.268568,0
11.318561,0
11.363554,0
11.368584,0
11.418547,0
11.463541,0
11.46854,0
11.518576,0
11.563526,0
11.568525,0
11.618518,0
11.663512,0
11.668512,0
11.718504,0
11.763498,0
11.768497,0
11.81849,0
11.863539,0
11.868538,0
11.918494,0
11.963472,0
11.968475,0
11.99905,0
12.018462,0
12.063461,0
12.068455,0
12.118447,0
12.163441,0
12.16844,0
12.218437,0
12.263426,0
12.268426,0
12.318419,0
12.363412,0
12.368411,0
12.418404,0
12.463397,0
12.468396,0
12.518389,0
12.563383,0
12.568383,0
12.618375,0
12.663369,0
12.668368,0
12.718361,0
12.763355,0
12.768358,0
12.818347,0
12.86334,0
12.868339,0
12.918343,0
12.963326,0
12.968327,0
12.997922,0
13.018318,0
13.063311,0
13.06834,0
13.118304,0
13.163297,0
13.168296,0
13.218342,0
13.263283,0
13.268282,0
13.318275,0
13.363268,0
13.368268,0
13.41826,0
13.463254,0
13.468253,0
13.518246,0
13.563241,0
13.568239,0
13.618237,0
13.663259,0
13.668257,0
13.718225,0
13.763211,0
13.76821,0
13.818203,0
13.863198,0
13.868196,0
13.918189,0
13.963182,0
13.968183,0
13.997922,0
14.01817,0
14.063168,0
14.068167,0
14.11816,0
14.163154,0
14.168158,0
14.218145,0
14.263139,0
14.268139,0
14.318155,0
14.363124,0
14.368124,0
14.418116,0
14.46311,0
14.468133,0
14.518102,0
14.563096,0
14.568095,0
14.618087,0
14.66312,0
14.668081,0
14.718074,0
14.763068,0
14.768066,0
14.81806,0
14.863053,0
14.868052,0
14.918045,0
14.963041,0
14.968037,0
15.002933,0
15.01803,0
15.063024,0
15.068027,0
15.118016,0
15.163009,0
15.168008,0
15.218001,0
15.262995,0
15.267994,0
15.317987,0
15.36298,0
15.367983,0
15.418018,0
15.462979,0
15.467978,0
15.517958,0
15.562957,0
15.567951,0
15.617943,0
15.662937,0
15.667936,0
15.717929,0
15.762922,0
15.767922,0
15.817915,0
15.862915,0
15.867908,0
15.917902,0
15.962894,0
15.967893,0
16.00194,0
16.017886,0
16.062879,0
16.067879,0
16.117871,0
16.162866,0
16.167864,0
16.217857,0
16.26285,0
16.26785,0
16.317842,0
16.362836,0
16.367835,0
16.417829,0
16.462821,0
16.467821,0
16.517813,0
16.562807,0
16.567806,0
16.617801,0
16.662792,0
16.667792,0
16.717784,0
16.762778,0
16.767777,0
16.81777,0
16.862765,0
16.867762,0
16.917755,0
16.962749,0
16.96775,0
16.995923,0
17.017741,0
17.062734,0
17.067735,0
17.117726,0
17.162723,0
17.167722,0
17.217731,0
17.262701,0
17.267705,0
17.317699,0
17.362691,0
17.36769,0
17.417683,0
17.462676,0
17.467677,0
17.517668,0
17.562662,0
17.567661,0
17.617654,0
17.662647,0
17.667646,0
17.717639,0
17.762638,0
17.767636,0
17.817624,0
17.862618,0
17.867617,0
17.91761,0
17.962603,0
17.967603,0
17.995924,0
18.017595,0
18.062589,0
18.067588,0
18.117581,0
18.162574,0
18.167574,0
18.217566,0
18.26256,0
18.267559,0
18.317552,0
18.362545,0
18.367544,0
18.417537,0
18.472529,0
18.517522,0
18.562516,0
18.567515,0
18.617508,0
18.662504,0
18.667501,0
18.717493,0
18.762486,0
18.767486,0
18.822478,0
18.862472,0
18.867472,0
18.917464,0
18.962457,0
18.967457,0
18.998239,0
19.017452,0
19.062466,0
19.067464,0
19.117432,0
19.172427,0
19.21742,0
19.262414,0
19.267413,0
19.317405,0
19.362399,0
19.367398,0
19.417391,0
19.462385,0
19.467383,0
19.522375,0
19.562369,0
19.567369,0
19.617362,0
19.662355,0
19.667355,0
19.717348,0
19.76234,0
19.767339,0
19.817333,0
19.872324,0
19.917319,0
19.962312,0
19.967311,0
19.996919,0
20.017303,0
20.062297,0
20.067296,0
20.117291,0
20.162282,0
20.167281,0
20.222273,0
20.262267,0
20.267266,0
20.317264,0
20.362253,0
20.367252,0
20.417244,0
20.462238,0
20.467237,0
20.517229,0
20.572222,0
20.617215,0
20.662208,0
20.66721,0
20.717251,0
20.772219,0
20.817186,0
20.86218,0
20.867183,0
20.922172,0
20.962165,0
20.967165,0
20.990956,0
21.017164,0
21.062152,0
21.067149,0
21.117142,0
21.162135,0
21.167134,0
21.217128,0
21.272119,0
21.317112,0
21.362105,0
21.367105,0
21.417097,0
21.462092,0
21.46709,0
21.517083,0
21.562078,0
21.567075,0
21.622067,0
21.662062,0
21.667061,0
21.717053,0
21.762046,0
21.767046,0
21.822038,0
21.862032,0
21.867031,0
21.917024,0
21.97202,0
22.001133,0
22.017008,0
22.062015,0
22.067001,0
22.116994,0
22.171986,0
22.216979,0
22.261973,0
22.266972,0
22.321964,0
22.361998,0
22.366957,0
22.416951,0
22.461944,0
22.466942,0
22.521963,0
22.561933,0
22.566931,0
22.61692,0
22.661917,0
22.666912,0
22.716908,0
22.761899,0
22.766898,0
22.816891,0
22.871882,0
22.916875,0
22.961869,0
22.966868,0
23.00096,0
23.02186,0
23.061854,0
23.066854,0
23.116846,0
23.161852,0
23.166839,0
23.221852,0
23.261824,0
23.266826,0
23.316816,0
23.371846,0
23.416802,0
23.461798,0
23.466794,0
23.516787,0
23.571779,0
23.616774,0
23.661765,0
23.666766,0
23.721756,0
23.761753,0
23.766749,0
23.816742,0
23.861736,0
23.866735,0
23.921726,0
23.96172,0
23.96672,0
24.007927,0
24.016714,0
24.071705,0
24.116697,0
24.161691,0
24.16669,0
24.216683,0
24.271717,0
24.316687,0
24.361668,0
24.366661,0
24.421652,0
24.461646,0
24.466646,0
24.516638,0
24.561636,0
24.566634,0
24.621622,0
24.661616,0
24.666616,0
24.716608,0
24.771605,0
24.816593,0
24.861586,0
24.866586,0
24.916578,0
24.97157,0
25.000931,0
25.016563,0
25.061556,0
25.066556,0
25.121547,0
25.17154,0
25.216533,0
25.261527,0
25.26653,0
25.321518,0
25.361512,0
25.366511,0
25.416518,0
25.461496,0
25.466496,0
25.521487,0
25.561482,0
25.566517,0
25.616473,0
25.671465,0
25.716462,0
25.761451,0
25.76645,0
25.816444,0
25.871435,0
25.916428,0
25.961422,0
25.966421,0
25.998951,0
26.021416,0
26.061443,0
26.066437,0
26.116401,0
26.161392,0
26.166391,0
26.17139,0
26.221393,0
26.261377,0
26.266376,0
26.316368,0
26.37136,0
26.416353,0
26.461347,0
26.466346,0
26.521337,0
26.571331,0
26.616323,0
26.661316,0
26.666324,0
26.721311,0
26.761301,0
26.766301,0
26.816293,0
26.871285,0
26.921277,0
26.961271,0
26.966271,0
26.998922,0
27.016263,0
27.071255,0
27.116248,0
27.161241,0
27.166245,0
27.216233,0
27.271226,0
27.316218,0
27.361211,0
27.366212,0
27.421202,0
27.461196,0
27.466195,0
27.516188,0
27.571179,0
27.621172,0
27.661166,0
27.666165,0
27.716167,0
27.771149,0
27.816142,0
27.861137,0
27.866135,0
27.921158,0
27.971176,0
27.997509,0
28.016112,0
28.066104,0
28.121111,0
28.166089,0
28.216082,0
28.266079,0
28.271074,0
28.321067,0
28.366059,0
28.416053,0
28.466078,0
28.471044,0
28.521036,0
28.56603,0
28.621022,0
28.666014,0
28.671013,0
28.716006,0
28.766036,0
28.82099,0
28.865983,0
28.870983,0
28.916006,0
28.965968,0
28.99592,0
29.02096,0
29.065985,0
29.115947,0
29.165946,0
29.170939,0
29.220931,0
29.265923,0
29.320914,0
29.365916,0
29.370908,0
29.415901,0
29.465893,0
29.520884,0
29.565877,0
29.570879,0
29.615907,0
29.665874,0
29.670873,0
29.720854,0
29.765848,0
29.815839,0
29.865833,0
29.870831,0
29.920827,0
29.965819,0
29.999939,0
30.020808,0
30.065801,0
30.070801,0
30.115793,0
30.165785,0
30.220777,0
30.265771,0
30.27077,0
30.315762,0
30.365757,0
30.370756,0
30.420747,0
30.46574,0
30.515732,0
30.565725,0
30.570724,0
30.620716,0
30.665709,0
30.720701,0
30.765696,0
30.770693,0
30.815686,0
30.86568,0
30.920671,0
30.965664,0
30.970663,0
30.995128,0
31.015656,0
31.065649,0
31.070648,0
31.12064,0
31.165637,0
31.215629,0
31.265617,0
31.270616,0
31.320613,0
31.365652,0
31.420608,0
31.465591,0
31.470632,0
31.515579,0
31.565571,0
31.620563,0
31.665556,0
31.670555,0
31.715548,0
31.765542,0
31.77054,0
31.820532,0
31.865525,0
31.870525,0
31.91552,0
31.96551,0
31.970512,0
31.997074,0
32.020501,0
32.065495,0
32.120486,0
32.165479,0
32.170479,0
32.220471,0
32.265464,0
32.320455,0
32.365449,0
32.370448,0
32.415441,0
32.465433,0
32.470433,0
32.520424,0
32.565417,0
32.570417,0
32.61541,0
32.665403,0
32.670402,0
32.720393,0
32.765388,0
32.820379,0
32.865371,0
32.870371,0
32.920364,0
32.965356,0
32.998921,0
33.020348,0
33.06534,0
33.070341,0
33.115333,0
33.165362,0
33.170362,0
33.220325,0
33.26531,0
33.270304,0
33.315301,0
33.365296,0
33.370293,0
33.420286,0
33.465279,0
33.515272,0
33.565263,0
33.570267,0
33.620255,0
33.665248,0
33.720239,0
33.765232,0
33.770232,0
33.815225,0
33.86522,0
33.920208,0
33.965201,0
33.970247,0
33.989924,0
34.015193,0
34.065187,0
34.070185,0
34.120208,0
34.165172,0
34.215162,0
34.265156,0
34.270166,0
34.320146,0
34.36514,0
34.42013,0
34.465124,0
34.470123,0
34.515116,0
34.565109,0
34.6201,0
34.665092,0
34.670092,0
34.715087,0
34.765079,0
34.770082,0
34.820069,0
34.865062,0
34.920056,0
34.965073,0
34.970067,0
34.995142,0
35.020043,0
35.065042,0
35.120023,0
35.165015,0
35.170015,0
35.220008,0
35.264999,0
35.270003,0
35.319992,0
35.364984,0
35.369985,0
35.414979,0
35.465018,0
35.469969,0
35.519961,0
35.564952,0
35.569953,0
35.619945,0
35.664937,0
35.669937,0
35.719929,0
35.764929,0
35.819916,0
35.864906,0
35.869907,0
35.919897,0
35.964889,0
35.998032,0
36.019881,0
36.064877,0
36.069873,0
36.114866,0
36.164858,0
36.169857,0
36.219849,0
36.264842,0
36.269842,0
36.319837,0
36.364828,0
36.369826,0
36.419818,0
36.464811,0
36.519803,0
36.564795,0
36.569794,0
36.619786,0
36.66478,0
36.719771,0
36.764764,0
36.769763,0
36.814789,0
36.864763,0
36.869751,0
36.919739,0
36.964732,0
36.969732,0
36.996364,0
37.019724,0
37.064719,0
37.069716,0
37.119708,0
37.164701,0
37.219692,0
37.264685,0
37.269685,0
37.319677,0
37.36467,0
37.369668,0
37.419661,0
37.464654,0
37.469653,0
37.514646,0
37.564638,0
37.569634,0
37.619634,0
37.664622,0
37.669621,0
37.719615,0
37.764607,0
37.769606,0
37.819602,0
37.864591,0
37.919582,0
37.964575,0
37.969574,0
37.996213,0
38.019575,0
38.064559,0
38.069558,0
38.11955,0
38.164544,0
38.169543,0
38.219535,0
38.264527,0
38.269526,0
38.319521,0
38.364512,0
38.369511,0
38.414504,0
38.464495,0
38.469504,0
38.519524,0
38.564492,0
38.569489,0
38.619475,0
38.664489,0
38.669464,0
38.719456,0
38.764448,0
38.769448,0
38.81944,0
38.864432,0
38.869432,0
38.919424,0
38.964454,0
38.969421,0
38.999955,0
39.019408,0
39.064401,0
39.0694,0
39.114437,0
39.164385,0
39.169384,0
39.219376,0
39.264372,0
39.269368,0
39.31936,0
39.364354,0
39.369352,0
39.419344,0
39.464337,0
39.469336,0
39.519328,0
39.564322,0
39.56932,0
39.619312,0
39.664306,0
39.669305,0
39.719297,0
39.76429,0
39.769288,0
39.819281,0
39.864273,0
39.869273,0
39.919264,0
39.964258,0
39.969256,0
39.998919,0
40.019249,0
40.064243,0
40.06924,0
40.119233,0
40.164226,0
40.219216,0
40.264213,0
40.269212,0
40.319223,0
40.364215,0
40.369191,0
40.419185,0
40.464178,0
40.469177,0
40.51917,0
40.564161,0
40.569161,0
40.619153,0
40.664157,0
40.669145,0
40.719137,0
40.764129,0
40.769129,0
40.819121,0
40.864113,0
40.869113,0
40.919105,0
40.964099,0
40.969097,0
40.99792,0
41.01909,0
41.064081,0
41.069081,0
41.119073,0
41.164065,0
41.169065,0
41.219056,0
41.264049,0
41.26905,0
41.31904,0
41.364033,0
41.369033,0
41.419025,0
41.464017,0
41.469016,0
41.519009,0
41.564001,0
41.569,0
41.618992,0
41.663986,0
41.668985,0
41.718976,0
41.763969,0
41.768971,0
41.818961,0
41.863954,0
41.868952,0
41.918944,0
41.963938,0
41.968936,0
41.998955,0
42.018929,0
42.063969,0
42.068966,0
42.118928,0
42.163948,0
42.168905,0
42.218895,0
42.263889,0
42.268887,0
42.31888,0
42.363875,0
42.368871,0
42.418863,0
42.463856,0
42.468858,0
42.518847,0
42.56384,0
42.568839,0
42.618831,0
42.663824,0
42.668823,0
42.718815,0
42.763807,0
42.768807,0
42.818799,0
42.863791,0
42.868791,0
42.918783,0
42.963775,0
42.968775,0
42.99892,0
43.018767,0
43.063761,0
43.068759,0
43.118751,0
43.163743,0
43.168744,0
43.218734,0
43.263727,0
43.268726,0
43.318719,0
43.36371,0
43.36871,0
43.418702,0
43.463695,0
43.468694,0
43.518693,0
43.563685,0
43.568677,0
43.618669,0
43.663662,0
43.668661,0
43.718653,0
43.763645,0
43.768645,0
43.818637,0
43.863692,0
43.868673,0
43.918637,0
43.963613,0
43.968612,0
43.996919,0
44.018604,0
44.063597,0
44.068596,0
44.118588,0
44.163615,0
44.16858,0
44.218571,0
44.263564,0
44.2686,0
44.318555,0
44.363548,0
44.368547,0
44.418586,0
44.463531,0
44.468531,0
44.518522,0
44.563515,0
44.568518,0
44.618506,0
44.663499,0
44.668498,0
44.718529,0
44.763483,0
44.768482,0
44.818474,0
44.863466,0
44.868508,0
44.918457,0
44.96345,0
44.96845,0
44.99792,0
45.018484,0
45.063434,0
45.068433,0
45.118426,0
45.163418,0
45.168458,0
45.218408,0
45.263401,0
45.2684,0
45.318428,0
45.363411,0
45.368384,0
45.418377,0
45.463368,0
45.468368,0
45.518359,0
45.563352,0
45.568351,0
45.618343,0
45.663336,0
45.668335,0
45.71833,0
45.763343,0
45.768339,0
45.818307,0
45.863303,0
45.868302,0
45.918312,0
45.963288,0
45.968285,0
45.995919,0
46.018277,0
46.06327,0
46.06827,0
46.118261,0
46.163254,0
46.168255,0
46.218244,0
46.263237,0
46.268236,0
46.318231,0
46.363221,0
46.36822,0
46.418211,0
46.463204,0
46.468248,0
46.518197,0
46.563187,0
46.568187,0
46.618192,0
46.663171,0
46.66817,0
46.718162,0
46.763163,0
46.768154,0
46.818146,0
46.863138,0
46.868137,0
46.918129,0
46.963122,0
46.968121,0
46.994114,0
47.018112,0
47.063105,0
47.068104,0
47.118096,0
47.163088,0
47.168088,0
47.21808,0
47.263072,0
47.268071,0
47.318063,0
47.363056,0
47.368054,0
47.418049,0
47.463076,0
47.468077,0
47.518031,0
47.563023,0
47.568022,0
47.618014,0
47.663007,0
47.668007,0
47.717999,0
47.762989,0
47.76799,0
47.81798,0
47.862973,0
47.867972,0
47.917964,0
47.962956,0
47.967956,0
47.99704,0
48.017947,0
48.062941,0
48.067942,0
48.117932,0
48.162923,0
48.167923,0
48.217953,0
48.262908,0
48.267907,0
48.317897,0
48.362892,0
48.367911,0
48.41788,0
48.462873,0
48.467873,0
48.517879,0
48.562857,0
48.567856,0
48.617847,0
48.662842,0
48.667853,0
48.717831,0
48.762823,0
48.767822,0
48.817814,0
48.862822,0
48.867805,0
48.917797,0
48.96279,0
48.967789,0
48.998984,0
49.01778,0
49.062775,0
49.067772,0
49.117764,0
49.16277,0
49.167758,0
49.217752,0
49.262768,0
49.267762,0
49.317728,0
49.362722,0
49.367722,0
49.417713,0
49.462716,0
49.467705,0
49.517699,0
49.562691,0
49.567689,0
49.61768,0
49.662673,0
49.667672,0
49.717664,0
49.762656,0
49.767655,0
49.817647,0
49.862639,0
49.867638,0
49.917635,0
49.962622,0
49.967622,0
49.998343,0
50.017614,0
50.062606,0
50.067605,0
50.117596,0
50.162589,0
50.167589,0
50.217579,0
50.262572,0
50.267571,0
50.317563,0
50.362556,0
50.367555,0
50.417546,0
50.462539,0
50.467537,0
50.517529,0
50.562521,0
50.567521,0
50.617513,0
50.672504,0
50.717495,0
50.762491,0
50.767488,0
50.817478,0
50.862471,0
50.867471,0
50.917462,0
50.962454,0
50.967453,0
50.999919,0
51.022492,0
51.06246,0
51.06746,0
51.117425,0
51.16242,0
51.167449,0
51.217412,0
51.262404,0
51.267403,0
51.31741,0
51.362387,0
51.367386,0
51.417377,0
51.46237,0
51.467372,0
51.51736,0
51.562353,0
51.567352,0
51.617349,0
51.662337,0
51.667335,0
51.722326,0
51.76232,0
51.767318,0
51.81731,0
51.862303,0
51.867301,0
51.917293,0
51.962285,0
51.967284,0
52.017276,0
52.017948,0
52.072267,0
52.117259,0
52.162251,0
52.167251,0
52.217242,0
52.262235,0
52.267234,0
52.317225,0
52.362218,0
52.367217,0
52.422207,0
52.462201,0
52.467199,0
52.517193,0
52.562184,0
52.567183,0
52.617174,0
52.662167,0
52.667166,0
52.717157,0
52.762156,0
52.767149,0
52.81719,0
52.862151,0
52.867157,0
52.917119,0
52.962115,0
52.967114,0
53.008922,0
53.017111,0
53.062099,0
53.067098,0
53.122088,0
53.162093,0
53.167081,0
53.217074,0
53.262064,0
53.267064,0
53.317055,0
53.362048,0
53.367046,0
53.417038,0
53.46203,0
53.46703,0
53.517021,0
53.562013,0
53.567012,0
53.617004,0
53.671994,0
53.716987,0
53.761979,0
53.766981,0
53.821974,0
53.861962,0
53.866961,0
53.916953,0
53.961945,0
53.966944,0
54.007925,0
54.021935,0
54.061929,0
54.066927,0
54.116918,0
54.161915,0
54.16691,0
54.216905,0
54.261894,0
54.266893,0
54.316884,0
54.371875,0
54.416867,0
54.46186,0
54.466859,0
54.521849,0
54.561842,0
54.566841,0
54.616833,0
54.661825,0
54.666824,0
54.721852,0
54.761822,0
54.766818,0
54.8168,0
54.871789,0
54.916782,0
54.961785,0
54.966772,0
55.000938,0
55.016764,0
55.071755,0
55.116747,0
55.161739,0
55.16674,0
55.221729,0
55.261722,0
55.266721,0
55.316712,0
55.361705,0
55.366704,0
55.421694,0
55.461688,0
55.466687,0
55.516684,0
55.561675,0
55.566669,0
55.616661,0
55.661653,0
55.666652,0
55.716644,0
55.771638,0
55.816631,0
55.86162,0
55.866617,0
55.921609,0
55.9716,0
55.998922,0
56.016592,0
56.061585,0
56.066583,0
56.121574,0
56.161567,0
56.166566,0
56.216557,0
56.26155,0
56.271548,0
56.321539,0
56.361532,0
56.366533,0
56.416576,0
56.471536,0
56.516503,0
56.561499,0
56.566497,0
56.616489,0
56.671483,0
56.716472,0
56.761464,0
56.766462,0
56.821452,0
56.861445,0
56.866445,0
56.916436,0
56.961428,0
56.966428,0
56.998008,0
57.021418,0
57.061411,0
57.066413,0
57.116405,0
57.171392,0
57.216384,0
57.261377,0
57.266423,0
57.321366,0
57.371358,0
57.416373,0
57.461342,0
57.466341,0
57.521332,0
57.561325,0
57.566326,0
57.616315,0
57.671305,0
57.721296,0
57.76129,0
57.766288,0
57.81628,0
57.87127,0
57.916262,0
57.961255,0
57.966254,0
58.000925,0
58.021244,0
58.071236,0
58.116227,0
58.16122,0
58.16622,0
58.221259,0
58.261232,0
58.266222,0
58.316188,0
58.361184,0
58.366184,0
58.421175,0
58.461167,0
58.466166,0
58.516168,0
58.571148,0
58.61614,0
58.661132,0
58.666132,0
58.721121,0
58.771113,0
58.816105,0
58.861098,0
58.866157,0
58.921087,0
58.971079,0
58.997921,0
59.016112,0
59.07106,0
59.121086,0
59.161044,0
59.166043,0
59.216034,0
59.271041,0
59.321016,0
59.361021,0
59.366008,0
59.421003,0
59.47099,0
59.515982,0
59.560974,0
59.565974,0
59.620965,0
59.670955,0
59.715947,0
59.760939,0
59.765938,0
59.820928,0
59.860921,0
59.86592,0
59.915912,0
59.970903,0
59.995147,0
60.020944,0
60.060924,0
60.065917,0
60.120879,0
60.170867,0
60.215859,0
60.26585,0
60.32084,0
60.365832,0
60.370831,0
60.415823,0
60.465815,0
60.520805,0
60.565797,0
60.615788,0
60.665779,0
60.670779,0
60.72077,0
60.765762,0
60.820752,0
60.865744,0
60.870743,0
60.915736,0
60.965726,0
60.998919,0
61.020716,0
61.065708,0
61.070708,0
61.1157,0
61.165701,0
61.17069,0
61.220681,0
61.265674,0
61.315664,0
61.365655,0
61.370654,0
61.420681,0
61.465638,0
61.520636,0
61.565621,0
61.570623,0
61.615611,0
61.665603,0
61.720592,0
61.765585,0
61.770583,0
61.815579,0
61.865598,0
61.920561,0
61.965549,0
61.970557,0
61.998924,0
62.015548,0
62.065531,0
62.07053,0
62.120521,0
62.165513,0
62.220503,0
62.265495,0
62.270494,0
62.320486,0
62.365478,0
62.420468,0
62.46546,0
62.470459,0
62.515451,0
62.565442,0
62.620432,0
62.665424,0
62.670424,0
62.715415,0
62.765406,0
62.770405,0
62.820396,0
62.865388,0
62.920378,0
62.96537,0
62.970371,0
62.998921,0
63.020361,0
63.065353,0
63.120343,0
63.165335,0
63.170334,0
63.215326,0
63.265317,0
63.270316,0
63.320307,0
63.365299,0
63.370298,0
63.41529,0
63.465281,0
63.47028,0
63.520271,0
63.565264,0
63.615254,0
63.665245,0
63.670244,0
63.720286,0
63.765248,0
63.820219,0
63.865209,0
63.870244,0
63.915202,0
63.965194,0
63.998923,0
64.020181,0
64.065173,0
64.070175,0
64.115165,0
64.165169,0
64.170156,0
64.220145,0
64.265139,0
64.315128,0
64.365119,0
64.370119,0
64.420109,0
64.465102,0
64.520092,0
64.565084,0
64.570083,0
64.61508,0
64.665066,0
64.670066,0
64.720056,0
64.765048,0
64.770052,0
64.815039,0
64.86503,0
64.87006,0
64.920019,0
64.965013,0
64.97001,0
65.000925,0
65.020017,0
65.064995,0
65.069992,0
65.119984,0
65.164981,0
65.219966,0
65.264959,0
65.269956,0
65.319948,0
65.36494,0
65.41993,0
65.464974,0
65.469959,0
65.514932,0
65.564905,0
65.5699,0
65.619895,0
65.664888,0
65.669885,0
65.719875,0
65.764869,0
65.769866,0
65.819857,0
65.864849,0
65.91984,0
65.964841,0
65.96983,0
65.997925,0
66.019821,0
66.064817,0
66.069811,0
66.119805,0
66.164795,0
66.169794,0
66.214833,0
66.264777,0
66.269776,0
66.319766,0
66.364803,0
66.369757,0
66.419749,0
66.464742,0
66.46974,0
66.51973,0
66.564722,0
66.619712,0
66.664749,0
66.669703,0
66.719694,0
66.764686,0
66.819676,0
66.864668,0
66.869666,0
66.914658,0
66.964676,0
66.969648,0
66.997928,0
67.019639,0
67.064636,0
67.069643,0
67.119621,0
67.164613,0
67.169612,0
67.219607,0
67.264645,0
67.319595,0
67.364579,0
67.369616,0
67.419566,0
67.464558,0
67.519548,0
67.564539,0
67.569538,0
67.619529,0
67.664521,0
67.66952,0
67.719511,0
67.764503,0
67.769503,0
67.814494,0
67.864485,0
67.869483,0
67.919474,0
67.964466,0
67.969465,0
67.997921,0
68.019456,0
68.064448,0
68.069447,0
68.119438,0
68.16443,0
68.219464,0
68.264412,0
68.26941,0
68.319402,0
68.364393,0
68.369405,0
68.419383,0
68.464374,0
68.469374,0
68.519365,0
68.564357,0
68.569357,0
68.619346,0
68.664339,0
68.669337,0
68.719329,0
68.76432,0
68.769319,0
68.819309,0
68.864302,0
68.919291,0
68.964284,0
68.969282,0
68.99792,0
69.019274,0
69.064268,0
69.069312,0
69.119271,0
69.164246,0
69.169249,0
69.214246,0
69.264264,0
69.269227,0
69.319217,0
69.364209,0
69.369229,0
69.419199,0
69.464193,0
69.46919,0
69.519191,0
69.564172,0
69.619163,0
69.664154,0
69.669153,0
69.719144,0
69.764135,0
69.769135,0
69.819125,0
69.864117,0
69.869117,0
69.919107,0
69.964099,0
69.969098,0
69.998919,0
70.019088,0
70.06408,0
70.069079,0
70.119071,0
70.164061,0
70.169061,0
70.219051,0
70.264043,0
70.269042,0
70.319033,0
70.364025,0
70.369024,0
70.419017,0
70.464006,0
70.469005,0
70.518997,0
70.563996,0
70.568987,0
70.618982,0
70.663969,0
70.66902,0
70.718959,0
70.76395,0
70.76895,0
70.818974,0
70.863935,0
70.868937,0
70.918952,0
70.963919,0
70.968976,0
70.998065,0
71.018905,0
71.063906,0
71.068894,0
71.118885,0
71.163876,0
71.168876,0
71.218866,0
71.263858,0
71.268857,0
71.318848,0
71.363839,0
71.368838,0
71.418829,0
71.46382,0
71.46882,0
71.518812,0
71.563802,0
71.568801,0
71.618794,0
71.663783,0
71.668782,0
71.718773,0
71.763767,0
71.768764,0
71.818758,0
71.863746,0
71.868747,0
71.918737,0
71.963728,0
71.968768,0
71.998924,0
72.018718,0
72.063709,0
72.068708,0
72.118714,0
72.163691,0
72.16869,0
72.218682,0
72.263672,0
72.268673,0
72.318662,0
72.363653,0
72.368652,0
72.418639,0
72.463637,0
72.468637,0
72.518624,0
72.563616,0
72.568615,0
72.618605,0
72.663597,0
72.668596,0
72.718589,0
72.763582,0
72.768581,0
72.818599,0
72.863562,0
72.868562,0
72.918549,0
72.963541,0
72.968543,0
72.995168,0
73.018531,0
73.063522,0
73.068521,0
73.118543,0
73.163503,0
73.168502,0
73.218493,0
73.263485,0
73.268484,0
73.318477,0
73.363466,0
73.368465,0
73.418456,0
73.463447,0
73.468447,0
73.518437,0
73.563429,0
73.568428,0
73.618418,0
73.66341,0
73.668409,0
73.718399,0
73.763391,0
73.76839,0
73.818381,0
73.863372,0
73.868373,0
73.918362,0
73.963354,0
73.968384,0
73.997922,0
74.018343,0
74.063336,0
74.068334,0
74.118339,0
74.163317,0
74.168315,0
74.218306,0
74.263297,0
74.268296,0
74.318287,0
74.363278,0
74.368277,0
74.418268,0
74.463259,0
74.468259,0
74.518257,0
74.563265,0
74.568263,0
74.618227,0
74.663223,0
74.668222,0
74.718212,0
74.763205,0
74.768202,0
74.818193,0
74.863217,0
74.868185,0
74.918175,0
74.963165,0
74.968164,0
74.999999,0
75.018155,0
75.063147,0
75.068146,0
75.118136,0
75.163129,0
75.168127,0
75.218117,0
75.263109,0
75.268108,0
75.318098,0
75.36309,0
75.368092,0
75.418079,0
75.463071,0
75.468072,0
75.518061,0
75.563052,0
75.568051,0
75.618042,0
75.663033,0
75.668032,0
75.718022,0
75.763014,0
75.768013,0
75.818004,0
75.863,0
75.867994,0
75.917988,0
75.962979,0
75.967975,0
76.002025,0
76.017966,0
76.062958,0
76.067956,0
76.117948,0
76.162938,0
76.167938,0
76.217928,0
76.26292,0
76.267925,0
76.317913,0
76.362941,0
76.367941,0
76.417893,0
76.462881,0
76.467881,0
76.517871,0
76.562866,0
76.567861,0
76.617852,0
76.662843,0
76.667842,0
76.717833,0
76.762824,0
76.767823,0
76.817814,0
76.86283,0
76.867807,0
76.917795,0
76.962786,0
76.967785,0
76.997922,0
77.017776,0
77.062772,0
77.067766,0
77.117757,0
77.162764,0
77.167749,0
77.217738,0
77.26273,0
77.267729,0
77.317719,0
77.36271,0
77.367709,0
77.4177,0
77.462696,0
77.46769,0
77.517687,0
77.562672,0
77.567671,0
77.617663,0
77.662653,0
77.667654,0
77.717643,0
77.762638,0
77.767638,0
77.817623,0
77.862615,0
77.867614,0
77.917604,0
77.967595,0
77.972594,0
78.00393,0
78.017585,0
78.062579,0
78.067576,0
78.117566,0
78.162603,0
78.167564,0
78.21756,0
78.262541,0
78.26754,0
78.322527,0
78.36252,0
78.367518,0
78.417548,0
78.462536,0
78.4675,0
78.517491,0
78.562481,0
78.56748,0
78.617471,0
78.662462,0
78.667461,0
78.717451,0
78.762446,0
78.767442,0
78.817432,0
78.862424,0
78.867423,0
78.917413,0
78.962404,0
78.967406,0
78.999971,0
79.022393,0
79.062386,0
79.067384,0
79.117375,0
79.162366,0
79.167367,0
79.217355,0
79.262347,0
79.267346,0
79.317336,0
79.362328,0
79.367327,0
79.417318,0
79.462308,0
79.467308,0
79.517298,0
79.56229,0
79.567288,0
79.617278,0
79.66227,0
79.667269,0
79.72226,0
79.762294,0
79.76725,0
79.817245,0
79.862233,0
79.867231,0
79.917221,0
79.962212,0
79.967214,0
79.997925,0
80.017233,0
80.062265,0
80.067193,0
80.117182,0
80.167174,0
80.217163,0
80.267153,0
80.317144,0
80.367134,0
80.417125,0
80.467115,0
80.517105,0
80.567097,0
80.617086,0
80.667076,0
80.717066,0
80.767062,0
80.772056,0
80.817047,0
80.867038,0
80.917028,0
80.967018,0
80.972017,0
80.996923,0
81.017009,0
81.066999,0
81.116991,0
81.166982,0
81.21697,0
81.266963,0
81.321949,0
81.366941,0
81.416932,0
81.466922,0
81.471921,0
81.516912,0
81.566906,0
81.616893,0
81.666887,0
81.671882,0
81.716874,0
81.766864,0
81.821853,0
81.866844,0
81.916868,0
81.966833,0
82.005037,0
82.021814,0
82.066801,0
82.116798,0
82.166786,0
82.216776,0
82.266766,0
82.316759,0
82.366747,0
82.371746,0
82.416737,0
82.466729,0
82.521718,0
82.566708,0
82.616698,0
82.666689,0
82.721716,0
82.766669,0
82.81666,0
82.86665,0
82.871659,0
82.91664,0
82.966635,0
83.0024,0
83.016621,0
83.066613,0
83.07161,0
83.116601,0
83.1666,0
83.221583,0
83.266572,0
83.271571,0
83.316562,0
83.366552,0
83.421542,0
83.466536,0
83.516523,0
83.566513,0
83.621505,0
83.666529,0
83.716494,0
83.766475,0
83.771474,0
83.816465,0
83.866456,0
83.921447,0
83.966437,0
83.971434,0
84.005927,0
84.016425,0
84.066415,0
84.121405,0
84.166396,0
84.216388,0
84.266377,0
84.271376,0
84.321366,0
84.366365,0
84.416348,0
84.466338,0
84.471337,0
84.516328,0
84.566318,0
84.621307,0
84.666298,0
84.671297,0
84.716289,0
84.766278,0
84.821268,0
84.866261,0
84.916249,0
84.966239,0
84.971238,0
85.001932,0
85.021238,0
85.06622,0
85.116212,0
85.166201,0
85.171199,0
85.216191,0
85.266185,0
85.32117,0
85.366161,0
85.37116,0
85.416154,0
85.466203,0
85.521143,0
85.566117,0
85.616115,0
85.666103,0
85.671101,0
85.721102,0
85.766082,0
85.816072,0
85.866062,0
85.871061,0
85.916052,0
85.966044,0
85.995924,0
86.021033,0
86.066023,0
86.071022,0
86.116013,0
86.166003,0
86.220993,0
86.265987,0
86.270983,0
86.315974,0
86.365964,0
86.421,0
86.46595,0
86.515936,0
86.565924,0
86.570945,0
86.620913,0
86.665906,0
86.720895,0
86.765885,0
86.770884,0
86.815875,0
86.865865,0
86.920855,0
86.965845,0
86.970844,0
86.998921,0
87.015836,0
87.065826,0
87.070825,0
87.120815,0
87.165857,0
87.215796,0
87.265787,0
87.270785,0
87.320807,0
87.365776,0
87.420755,0
87.465757,0
87.470746,0
87.515737,0
87.565726,0
87.620716,0
87.665707,0
87.670706,0
87.715697,0
87.76569,0
87.770686,0
87.820676,0
87.865667,0
87.915657,0
87.965647,0
87.970646,0
87.997514,0
88.020641,0
88.065627,0
88.115618,0
88.165635,0
88.170607,0
88.215598,0
88.265588,0
88.320577,0
88.365568,0
88.37057,0
88.415561,0
88.465548,0
88.470548,0
88.520537,0
88.565528,0
88.570527,0
88.615518,0
88.665508,0
88.670508,0
88.720498,0
88.765488,0
88.82048,0
88.865518,0
88.870467,0
88.920458,0
88.965449,0
88.999993,0
89.020438,0
89.065429,0
89.070428,0
89.115422,0
89.165428,0
89.220394,0
89.265389,0
89.270395,0
89.315379,0
89.365369,0
89.370368,0
89.420358,0
89.465349,0
89.520368,0
89.565329,0
89.570328,0
89.620318,0
89.665309,0
89.720298,0
89.765289,0
89.770288,0
89.815279,0
89.865269,0
89.920258,0
89.965249,0
89.970248,0
89.998064,0
90.015241,0
90.065231,0
90.070285,0
90.120218,0
90.165209,0
90.215199,0
90.265189,0
90.270189,0
90.320178,0
90.365169,0
90.420158,0
90.465149,0
90.470148,0
90.515139,0
90.565129,0
90.62012,0
90.665109,0
90.670108,0
90.715099,0
90.765094,0
90.770088,0
90.820078,0
90.865071,0
90.92006,0
90.965092,0
90.970048,0
90.998931,0
91.020038,0
91.065065,0
91.120021,0
91.16501,0
91.170008,0
91.220002,0
91.264989,0
91.269988,0
91.319978,0
91.364972,0
91.369968,0
91.414959,0
91.46495,0
91.469948,0
91.519937,0
91.564929,0
91.569927,0
91.619917,0
91.664956,0
91.669908,0
91.719897,0
91.764888,0
91.819877,0
91.864868,0
91.869867,0
91.919857,0
91.964848,0
92.001923,0
92.019837,0
92.064828,0
92.06983,0
92.114818,0
92.164808,0
92.169807,0
92.219797,0
92.264788,0
92.269787,0
92.319777,0
92.364802,0
92.369767,0
92.419756,0
92.464747,0
92.519736,0
92.564728,0
92.569726,0
92.619716,0
92.664707,0
92.669706,0
92.719696,0
92.764687,0
92.769686,0
92.814716,0
92.864682,0
92.869729,0
92.919656,0
92.964647,0
92.969647,0
93.000184,0
93.019636,0
93.064631,0
93.06963,0
93.119615,0
93.164606,0
93.169606,0
93.219595,0
93.264586,0
93.269585,0
93.319575,0
93.364566,0
93.419579,0
93.464551,0
93.469545,0
93.519535,0
93.564526,0
93.569524,0
93.619515,0
93.664505,0
93.669505,0
93.719494,0
93.764485,0
93.769484,0
93.819474,0
93.864464,0
93.869464,0
93.919454,0
93.964445,0
93.969443,0
93.997933,0
94.019433,0
94.064424,0
94.069425,0
94.119413,0
94.164415,0
94.169403,0
94.219393,0
94.264384,0
94.269383,0
94.319373,0
94.364363,0
94.369362,0
94.419352,0
94.464343,0
94.469342,0
94.519333,0
94.564323,0
94.569322,0
94.619315,0
94.664333,0
94.669331,0
94.719292,0
94.764282,0
94.819271,0
94.864262,0
94.869261,0
94.919251,0
94.964241,0
94.969241,0
94.999924,0
95.01923,0
95.064221,0
95.06922,0
95.119212,0
95.164249,0
95.1692,0
95.21919,0
95.26418,0
95.269179,0
95.319169,0
95.364167,0
95.369159,0
95.419149,0
95.46415,0
95.469139,0
95.51913,0
95.56412,0
95.569122,0
95.619108,0
95.664099,0
95.669098,0
95.719088,0
95.764079,0
95.769078,0
95.819067,0
95.864058,0
95.869057,0
95.919047,0
95.964038,0
95.969037,0
95.999922,0
96.019027,0
96.064018,0
96.069016,0
96.119006,0
96.163997,0
96.168998,0
96.218986,0
96.263979,0
96.268976,0
96.318965,0
96.363957,0
96.368959,0
96.418945,0
96.463988,0
96.468985,0
96.518943,0
96.563913,0
96.568919,0
96.618906,0
96.663895,0
96.668894,0
96.718884,0
96.763893,0
96.768873,0
96.818864,0
96.863854,0
96.868853,0
96.918843,0
96.963834,0
96.968833,0
96.998006,0
97.018822,0
97.063813,0
97.068812,0
97.118802,0
97.163793,0
97.168792,0
97.218781,0
97.263772,0
97.268771,0
97.318761,0
97.363751,0
97.368751,0
97.418799,0
97.463731,0
97.46873,0
97.51872,0
97.563711,0
97.568739,0
97.6187,0
97.663696,0
97.668689,0
97.718695,0
97.76367,0
97.768672,0
97.818658,0
97.863649,0
97.868648,0
97.918638,0
97.963633,0
97.968633,0
97.999925,0
98.018618,0
98.063608,0
98.068607,0
98.118597,0
98.163588,0
98.168587,0
98.218576,0
98.263567,0
98.268566,0
98.318599,0
98.363559,0
98.368557,0
98.418538,0
98.463526,0
98.468525,0
98.518515,0
98.563506,0
98.568526,0
98.618494,0
98.663485,0
98.668483,0
98.718484,0
98.763464,0
98.768463,0
98.818453,0
98.863443,0
98.868442,0
98.918432,0
98.963425,0
98.968422,0
98.99524,0
99.018411,0
99.063402,0
99.068401,0
99.118391,0
99.163381,0
99.168381,0
99.21837,0
99.263361,0
99.268363,0
99.31835,0
99.36334,0
99.36834,0
99.418329,0
99.463321,0
99.468319,0
99.518309,0
99.5633,0
99.568349,0
99.618289,0
99.66328,0
99.668278,0
99.718297,0
99.763258,0
99.768258,0
99.818247,0
99.863237,0
99.868236,0
99.918226,0
99.963218,0
99.968216,0
99.998932,0
100.018205,0
100.063196,0
100.068197,0
100.118185,0
100.163175,0
100.168174,0
100.218167,0
100.263186,0
100.26824,0
100.318146,0
100.363133,0
100.368133,0
100.418125,0
100.463115,0
100.468112,0
100.518104,0
100.563095,0
100.568093,0
100.618083,0
100.663073,0
100.668072,0
100.718063,0
100.763051,0
100.768053,0
100.81804,0
100.86303,0
100.868031,0
100.918019,0
100.963009,0
100.968015,0
101.000923,0
101.018,0
101.062988,0
101.06799,0
101.117979,0
101.163011,0
101.167969,0
101.217958,0
101.262947,0
101.26799,0
101.317937,0
101.362926,0
101.367926,0
101.417932,0
101.462909,0
101.467907,0
101.517894,0
101.562885,0
101.567882,0
101.617873,0
101.662865,0
101.667863,0
101.717852,0
101.762843,0
101.767843,0
101.817832,0
101.862822,0
101.867825,0
101.917811,0
101.962802,0
101.967804,0
102.001963,0
102.017829,0
102.06279,0
102.067789,0
102.11777,0
102.162761,0
102.16776,0
102.217753,0
102.262741,0
102.267738,0
102.317729,0
102.362721,0
102.367719,0
102.417707,0
102.462697,0
102.467697,0
102.517686,0
102.562677,0
102.567726,0
102.617665,0
102.662656,0
102.667655,0
102.717687,0
102.762638,0
102.767638,0
102.817624,0
102.862614,0
102.867617,0
102.917603,0
102.962593,0
102.967592,0
102.998304,0
103.017581,0
103.062573,0
103.067572,0
103.117561,0
103.172549,0
103.21754,0
103.26253,0
103.267529,0
103.317519,0
103.36251,0
103.367508,0
103.417498,0
103.462488,0
103.467488,0
103.522476,0
103.562468,0
103.567467,0
103.617456,0
103.662447,0
103.667446,0
103.717435,0
103.762426,0
103.767425,0
103.817418,0
103.872425,0
103.917395,0
103.962384,0
103.967383,0
103.997927,0
104.017412,0
104.062363,0
104.067362,0
104.117351,0
104.162342,0
104.167363,0
104.217331,0
104.262322,0
104.26732,0
104.317315,0
104.3623,0
104.367299,0
104.41729,0
104.462279,0
104.467278,0
104.517267,0
104.572256,0
104.617247,0
104.662237,0
104.667238,0
104.717226,0
104.762216,0
104.767216,0
104.817204,0
104.862195,0
104.867194,0
104.922182,0
104.962174,0
104.967174,0
104.998924,0
105.017167,0
105.062153,0
105.067152,0
105.117142,0
105.162132,0
105.167178,0
105.21712,0
105.272108,0
105.317124,0
105.36209,0
105.367089,0
105.417078,0
105.462071,0
105.46708,0
105.517059,0
105.562048,0
105.567047,0
105.622035,0
105.66203,0
105.667029,0
105.717037,0
105.762008,0
105.767025,0
105.821993,0
105.861985,0
105.866983,0
105.916973,0
105.971961,0
106.005023,0
106.016952,0
106.061942,0
106.066943,0
106.116931,0
106.171919,0
106.21691,0
106.261902,0
106.266903,0
106.321888,0
106.361879,0
106.366878,0
106.416867,0
106.461858,0
106.46687,0
106.521845,0
106.561837,0
106.566836,0
106.616841,0
106.671814,0
106.716804,0
106.761794,0
106.76679,0
106.816784,0
106.871771,0
106.916765,0
106.961756,0
106.966756,0
106.997927,0
107.016741,0
107.061733,0
107.06673,0
107.11672,0
107.16171,0
107.166709,0
107.221697,0
107.261689,0
107.266688,0
107.316679,0
107.361668,0
107.366667,0
107.416656,0
107.461647,0
107.466645,0
107.516641,0
107.571645,0
107.616616,0
107.661604,0
107.666603,0
107.721591,0
107.77159,0
107.816572,0
107.861562,0
107.866561,0
107.921552,0
107.961541,0
107.966539,0
107.998922,0
108.016529,0
108.061519,0
108.066518,0
108.121507,0
108.161498,0
108.166497,0
108.21649,0
108.271474,0
108.316465,0
108.361456,0
108.366488,0
108.416444,0
108.471432,0
108.516435,0
108.561413,0
108.566412,0
108.621401,0
108.661392,0
108.666387,0
108.71638,0
108.761371,0
108.766369,0
108.821358,0
108.861349,0
108.866349,0
108.916338,0
108.971326,0
109.000919,0
109.016316,0
109.061307,0
109.066306,0
109.121294,0
109.171283,0
109.216274,0
109.261264,0
109.266264,0
109.321252,0
109.361243,0
109.366242,0
109.416231,0
109.461265,0
109.466263,0
109.52122,0
109.561202,0
109.566199,0
109.616204,0
109.671177,0
109.716167,0
109.761158,0
109.766156,0
109.821145,0
109.871134,0
109.916125,0
109.961115,0
109.966111,0
109.999052,0
110.021102,0
110.061094,0
110.066093,0
110.116082,0
110.161072,0
110.166071,0
110.221059,0
110.261051,0
110.266054,0
110.316039,0
110.371031,0
110.421017,0
110.461009,0
110.466007,0
110.520995,0
110.570985,0
110.615975,0
110.660965,0
110.666015,0
110.720953,0
110.770942,0
110.815947,0
110.860924,0
110.865922,0
110.92091,0
110.960903,0
110.965903,0
111.000941,0
111.01589,0
111.07088,0
111.120867,0
111.160859,0
111.165857,0
111.220897,0
111.26092,0
111.27086,0
111.315837,0
111.365816,0
111.420804,0
111.465793,0
111.470793,0
111.515783,0
111.565774,0
111.570771,0
111.62076,0
111.665751,0
111.71574,0
111.765729,0
111.770728,0
111.820717,0
111.865708,0
111.920696,0
111.965686,0
111.970685,0
112.015059,0
112.015676,0
112.065664,0
112.120653,0
112.165643,0
112.170643,0
112.215637,0
112.265621,0
112.320609,0
112.3656,0
112.3706,0
112.415589,0
112.465585,0
112.470577,0
112.520566,0
112.565557,0
112.620545,0
112.665538,0
112.670535,0
112.720524,0
112.765514,0
112.820502,0
112.865492,0
112.870492,0
112.915482,0
112.965471,0
113.004927,0
113.020459,0
113.065452,0
113.070501,0
113.11546,0
113.165475,0
113.170426,0
113.220416,0
113.265406,0
113.320394,0
113.365385,0
113.370383,0
113.420373,0
113.465372,0
113.520364,0
113.565342,0
113.57034,0
113.615331,0
113.66532,0
113.670332,0
113.720308,0
113.765299,0
113.770297,0
113.815289,0
113.865279,0
113.870276,0
113.920265,0
113.965255,0
114.003924,0
114.015244,0
114.065234,0
114.070233,0
114.120221,0
114.165212,0
114.220234,0
114.265191,0
114.27019,0
114.31518,0
114.365169,0
114.420157,0
114.465149,0
114.470146,0
114.515137,0
114.565126,0
114.570124,0
114.620114,0
114.665104,0
114.720092,0
114.765082,0
114.770081,0
114.82007,0
114.865061,0
114.9201,0
114.965064,0
114.970061,0
115.008182,0
115.020023,0
115.065018,0
115.070035,0
115.120005,0
115.164997,0
115.170004,0
115.214986,0
115.264975,0
115.269973,0
115.319962,0
115.364955,0
115.369952,0
115.414943,0
115.464931,0
115.469929,0
115.519919,0
115.564916,0
115.619898,0
115.664888,0
115.669886,0
115.719875,0
115.764867,0
115.819854,0
115.864844,0
115.869843,0
115.914834,0
115.964836,0
115.969821,0
115.999922,0
116.01981,0
116.064801,0
116.069799,0
116.119789,0
116.164784,0
116.169778,0
116.21977,0
116.264758,0
116.319745,0
116.364736,0
116.369735,0
116.419724,0
116.464714,0
116.469713,0
116.519702,0
116.564693,0
116.569691,0
116.614681,0
116.66467,0
116.669669,0
116.719658,0
116.764651,0
116.76969,0
116.819668,0
116.864631,0
116.869625,0
116.919644,0
116.964605,0
116.969604,0
117.000171,0
117.019593,0
117.064583,0
117.069582,0
117.119571,0
117.164562,0
117.169561,0
117.219549,0
117.26454,0
117.269539,0
117.319562,0
117.364517,0
117.369517,0
117.419506,0
117.464496,0
117.469498,0
117.519484,0
117.564474,0
117.569473,0
117.619462,0
117.664452,0
117.669452,0
117.71944,0
117.76443,0
117.769429,0
117.819418,0
117.864409,0
117.869408,0
117.919397,0
117.964387,0
117.969386,0
117.997924,0
118.019378,0
118.064372,0
118.069364,0
118.119354,0
118.164343,0
118.169342,0
118.219331,0
118.264321,0
118.269323,0
118.319311,0
118.364301,0
118.369298,0
118.419288,0
118.464278,0
118.469282,0
118.519267,0
118.564256,0
118.619244,0
118.664234,0
118.669233,0
118.719269,0
118.764283,0
118.769227,0
118.819203,0
118.86419,0
118.869189,0
118.919183,0
118.964169,0
118.969167,0
118.997963,0
119.019157,0
119.064147,0
119.069145,0
119.119134,0
119.164124,0
119.169123,0
119.219113,0
119.264103,0
119.269103,0
119.31909,0
119.364082,0
119.36908,0
119.419069,0
119.464059,0
119.469058,0
119.519047,0
119.564037,0
119.569036,0
119.619025,0
119.664015,0
119.669014,0
119.719003,0
119.763989,0
119.768992,0
119.818984,0
119.863974,0
119.86897,0
119.918959,0
119.96395,0
119.968948,0
119.998134,0
120.018939,0
120.063927,0
120.068926,0
120.118915,0
120.163907,0
120.168906,0
120.218893,0
120.263884,0
120.268922,0
120.318872,0
120.363861,0
120.36886,0
120.418853,0
120.463839,0
120.468842,0
120.518865,0
120.563829,0
120.568836,0
120.618806,0
120.663796,0
120.668795,0
120.718785,0
120.763774,0
120.768773,0
120.81877,0
120.863751,0
120.868752,0
120.91874,0
120.96373,0
120.968742,0
120.995317,0
121.018717,0
121.063708,0
121.068706,0
121.118695,0
121.163686,0
121.168685,0
121.218674,0
121.263664,0
121.268663,0
121.318651,0
121.363642,0
121.368641,0
121.418634,0
121.463619,0
121.468619,0
121.518607,0
121.563605,0
121.568596,0
121.618585,0
121.663575,0
121.668574,0
121.718563,0
121.763553,0
121.768552,0
121.818541,0
121.863531,0
121.86853,0
121.918519,0
121.963509,0
121.968508,0
121.995932,0
122.018498,0
122.063487,0
122.068486,0
122.118475,0
122.163466,0
122.168464,0
122.218454,0
122.263453,0
122.268442,0
122.318431,0
122.363461,0
122.368458,0
122.418417,0
122.463399,0
122.468397,0
122.518393,0
122.563372,0
122.568376,0
122.618364,0
122.663354,0
122.668353,0
122.718345,0
122.763332,0
122.768369,0
122.818321,0
122.86331,0
122.868309,0
122.918298,0
122.963288,0
122.968287,0
123.005919,0
123.018277,0
123.063266,0
123.068268,0
123.118254,0
123.163243,0
123.168245,0
123.218232,0
123.263222,0
123.268221,0
123.318257,0
123.3632,0
123.368199,0
123.418188,0
123.46318,0
123.468179,0
123.518172,0
123.563155,0
123.568155,0
123.618143,0
123.663133,0
123.668133,0
123.718121,0
123.763111,0
123.76811,0
123.818099,0
123.863089,0
123.868088,0
123.918077,0
123.963066,0
123.968066,0
123.99992,0
124.018055,0
124.063047,0
124.068045,0
124.118033,0
124.163022,0
124.168023,0
124.218056,0
124.263013,0
124.268014,0
124.31799,0
124.362986,0
124.367978,0
124.417967,0
124.463013,0
124.467956,0
124.517949,0
124.562933,0
124.567933,0
124.617922,0
124.662915,0
124.667914,0
124.717899,0
124.762889,0
124.767888,0
124.817876,0
124.862866,0
124.867866,0
124.917855,0
124.962844,0
124.967883,0
124.992037,0
125.017832,0
125.062822,0
125.067821,0
125.117814,0
125.1628,0
125.1678,0
125.217788,0
125.262778,0
125.267776,0
125.31777,0
125.362757,0
125.367754,0
125.417743,0
125.462733,0
125.467734,0
125.517745,0
125.562711,0
125.56771,0
125.617699,0
125.662689,0
125.667687,0
125.717676,0
125.762669,0
125.767665,0
125.817663,0
125.862644,0
125.867643,0
125.917636,0
125.962625,0
125.96762,0
125.998203,0
126.017609,0
126.062649,0
126.067646,0
126.117603,0
126.162573,0
126.167579,0
126.217567,0
126.272552,0
126.317542,0
126.362532,0
126.367532,0
126.41752,0
126.46251,0
126.467509,0
126.517498,0
126.562487,0
126.567487,0
126.617475,0
126.662466,0
126.667464,0
126.717453,0
126.762443,0
126.767442,0
126.81743,0
126.86242,0
126.867419,0
126.917409,0
126.972399,0
127.000006,0
127.017435,0
127.062376,0
127.067375,0
127.117364,0
127.162354,0
127.167364,0
127.217341,0
127.262331,0
127.26733,0
127.317319,0
127.362309,0
127.367307,0
127.417297,0
127.462287,0
127.467286,0
127.517274,0
127.562263,0
127.567263,0
127.617252,0
127.672284,0
127.71723,0
127.762237,0
127.76722,0
127.817207,0
127.862197,0
127.867196,0
127.917185,0
127.962175,0
127.967173,0
127.999937,0
128.022206,0
128.062181,0
128.067165,0
128.117141,0
128.162129,0
128.167128,0
128.217117,0
128.262108,0
128.267109,0
128.317096,0
128.372084,0
128.417072,0
128.462062,0
128.467061,0
128.51705,0
128.572037,0
128.617027,0
128.662017,0
128.667057,0
128.722004,0
128.761995,0
128.766994,0
128.816987,0
128.861972,0
128.866974,0
128.921961,0
128.96195,0
128.966949,0
128.998927,0
129.016938,0
129.071925,0
129.116915,0
129.161906,0
129.166905,0
129.216892,0
129.27188,0
129.31687,0
129.36186,0
129.366859,0
129.421847,0
129.461838,0
129.466836,0
129.516825,0
129.561822,0
129.566815,0
129.621801,0
129.661792,0
129.666791,0
129.716782,0
129.771774,0
129.816807,0
129.86176,0
129.866754,0
129.916737,0
129.971724,0
129.998921,0
130.016714,0
130.061703,0
130.066703,0
130.121689,0
130.16168,0
130.166679,0
130.216668,0
130.261658,0
130.266657,0
130.321644,0
130.361638,0
130.366638,0
130.416623,0
130.47161,0
130.5166,0
130.56159,0
130.566589,0
130.616581,0
130.671565,0
130.716555,0
130.761545,0
130.766563,0
130.816532,0
130.871519,0
130.916509,0
130.961499,0
130.966498,0
130.999955,0
131.021487,0
131.061476,0
131.066476,0
131.116464,0
131.161454,0
131.166507,0
131.22144,0
131.261431,0
131.26643,0
131.316422,0
131.371407,0
131.416396,0
131.461386,0
131.466385,0
131.521373,0
131.571362,0
131.616351,0
131.66139,0
131.666383,0
131.721339,0
131.766317,0
131.816305,0
131.866294,0
131.871293,0
131.921282,0
131.966272,0
132.003922,0
132.016264,0
132.066249,0
132.071298,0
132.116238,0
132.166226,0
132.221212,0
132.266205,0
132.271203,0
132.316192,0
132.366183,0
132.421168,0
132.466158,0
132.51615,0
132.566136,0
132.571134,0
132.621123,0
132.66612,0
132.716101,0
132.76609,0
132.771089,0
132.816079,0
132.866068,0
132.921055,0
132.966045,0
132.971044,0
132.99993,0
133.016033,0
133.066022,0
133.121009,0
133.165999,0
133.17101,0
133.215987,0
133.265977,0
133.320964,0
133.365956,0
133.415943,0
133.465931,0
133.47093,0
133.520967,0
133.565928,0
133.620902,0
133.665886,0
133.670885,0
133.715874,0
133.765863,0
133.820851,0
133.86584,0
133.870839,0
133.915829,0
133.965817,0
133.970816,0
133.999945,0
134.020805,0
134.065794,0
134.115783,0
134.165771,0
134.170773,0
134.220759,0
134.265749,0
134.320737,0
134.365726,0
134.370725,0
134.415715,0
134.465704,0
134.520691,0
134.565699,0
134.57068,0
134.615669,0
134.665658,0
134.720645,0
134.765637,0
134.815624,0
134.865612,0
134.870611,0
134.9206,0
134.965589,0
135.001185,0
135.020577,0
135.065566,0
135.070565,0
135.120554,0
135.165544,0
135.220531,0
135.265521,0
135.270519,0
135.31551,0
135.365541,0
135.370501,0
135.420517,0
135.465482,0
135.470476,0
135.515464,0
135.565465,0
135.570451,0
135.62044,0
135.665429,0
135.720417,0
135.765441,0
135.770406,0
135.820394,0
135.865384,0
135.920371,0
135.965361,0
135.97036,0
136.000943,0
136.01535,0
136.065338,0
136.070338,0
136.120325,0
136.165315,0
136.170317,0
136.215304,0
136.265292,0
136.270293,0
136.320279,0
136.365269,0
136.415258,0
136.465246,0
136.470245,0
136.520234,0
136.565271,0
136.620211,0
136.665201,0
136.670201,0
136.71519,0
136.765177,0
136.820165,0
136.865155,0
136.870154,0
136.915143,0
136.96514,0
136.970131,0
136.999924,0
137.020119,0
137.065109,0
137.115096,0
137.165087,0
137.170085,0
137.220073,0
137.265065,0
137.320054,0
137.365076,0
137.370074,0
137.415037,0
137.465018,0
137.470047,0
137.520004,0
137.564995,0
137.569993,0
137.614983,0
137.664971,0
137.66997,0
137.719959,0
137.764948,0
137.769947,0
137.819935,0
137.864925,0
137.869946,0
137.919912,0
137.964904,0
137.994064,0
138.019889,0
138.064879,0
138.069878,0
138.119866,0
138.164891,0
138.219844,0
138.264838,0
138.269832,0
138.314822,0
138.364811,0
138.369809,0
138.419797,0
138.464787,0
138.469786,0
138.519782,0
138.564767,0
138.569763,0
138.619751,0
138.664741,0
138.719729,0
138.764718,0
138.769717,0
138.819705,0
138.864695,0
138.869694,0
138.919683,0
138.964672,0
138.969671,0
139.001922,0
139.014661,0
139.064649,0
139.069649,0
139.119641,0
139.164654,0
139.169709,0
139.219619,0
139.264603,0
139.269603,0
139.319587,0
139.36458,0
139.369579,0
139.419569,0
139.464557,0
139.469556,0
139.519544,0
139.564534,0
139.569533,0
139.619521,0
139.664511,0
139.66951,0
139.719498,0
139.764487,0
139.769487,0
139.819475,0
139.864465,0
139.869464,0
139.914453,0
139.964442,0
139.96945,0
140.000218,0
140.019429,0
140.064418,0
140.069417,0
140.119407,0
140.164395,0
140.169394,0
140.219383,0
140.264372,0
140.269371,0
140.319359,0
140.364349,0
140.369356,0
140.419337,0
140.464326,0
140.469328,0
140.519313,0
140.564303,0
140.569302,0
140.61929,0
140.664302,0
140.669279,0
140.719267,0
140.764257,0
140.769255,0
140.819243,0
140.864235,0
140.869232,0
140.919221,0
140.96421,0
140.999919,0
141.019266,0
141.064199,0
141.069193,0
141.119174,0
141.164164,0
141.169164,0
141.219151,0
141.264141,0
141.269187,0
141.319128,0
141.364117,0
141.369116,0
141.419105,0
141.464096,0
141.469093,0
141.519082,0
141.564071,0
141.56907,0
141.619058,0
141.664048,0
141.669047,0
141.719035,0
141.764025,0
141.769023,0
141.819014,0
141.864004,0
141.869,0
141.918989,0
141.963979,0
141.968977,0
142.016921,0
142.018965,0
142.063955,0
142.068989,0
142.118942,0
142.163932,0
142.168932,0
142.218919,0
142.263909,0
142.268909,0
142.318896,0
142.363886,0
142.368892,0
142.418873,0
142.463862,0
142.468879,0
142.518849,0
142.563839,0
142.568839,0
142.618826,0
142.663816,0
142.668815,0
142.718807,0
142.76384,0
142.768791,0
142.81878,0
142.863825,0
142.868815,0
142.918777,0
142.963751,0
142.968742,0
143.005924,0
143.018733,0
143.063723,0
143.068721,0
143.118714,0
143.163701,0
143.168698,0
143.218687,0
143.263676,0
143.268677,0
143.318663,0
143.363653,0
143.368652,0
143.418645,0
143.463634,0
143.468633,0
143.51862,0
143.563606,0
143.568605,0
143.618594,0
143.663583,0
143.668584,0
143.718572,0
143.76356,0
143.768559,0
143.818547,0
143.863536,0
143.868536,0
143.918524,0
143.963513,0
143.968512,0
144.010153,0
144.018502,0
144.06349,0
144.068489,0
144.118477,0
144.163466,0
144.168466,0
144.218454,0
144.263443,0
144.268442,0
144.318431,0
144.36342,0
144.368419,0
144.418407,0
144.463396,0
144.468428,0
144.518384,0
144.563373,0
144.568373,0
144.618361,0
144.66335,0
144.668348,0
144.718341,0
144.763362,0
144.768363,0
144.81832,0
144.863303,0
144.868337,0
144.91829,0
144.96328,0
144.968282,0
145.014572,0
145.018267,0
145.063256,0
145.068256,0
145.118243,0
145.163233,0
145.168232,0
145.218223,0
145.263209,0
145.268209,0
145.318198,0
145.363186,0
145.368185,0
145.418177,0
145.46316,0
145.468169,0
145.518151,0
145.56314,0
145.568139,0
145.618128,0
145.663117,0
145.668167,0
145.718104,0
145.763093,0
145.768097,0
145.81808,0
145.863069,0
145.868069,0
145.918058,0
145.963046,0
145.968046,0
145.997927,0
146.018035,0
146.063022,0
146.068029,0
146.118014,0
146.162999,0
146.167998,0
146.217982,0
146.262976,0
146.267974,0
146.317966,0
146.362955,0
146.367951,0
146.417939,0
146.46293,0
146.467929,0
146.517917,0
146.562907,0
146.567906,0
146.617892,0
146.662883,0
146.667881,0
146.717911,0
146.76287,0
146.767869,0
146.817848,0
146.862835,0
146.867845,0
146.917822,0
146.962811,0
146.96781,0
147.001927,0
147.017799,0
147.062788,0
147.067787,0
147.117775,0
147.162777,0
147.167765,0
147.217752,0
147.262741,0
147.26774,0
147.317728,0
147.362718,0
147.367716,0
147.417705,0
147.462694,0
147.467693,0
147.517688,0
147.562671,0
147.567669,0
147.617659,0
147.662647,0
147.667646,0
147.717638,0
147.762624,0
147.767623,0
147.817611,0
147.8626,0
147.867599,0
147.917587,0
147.962577,0
147.967576,0
148.005161,0
148.01761,0
148.062574,0
148.067552,0
148.11754,0
148.162533,0
148.167529,0
148.217517,0
148.262509,0
148.267505,0
148.322493,0
148.362483,0
148.367481,0
148.417492,0
148.462459,0
148.467458,0
148.517482,0
148.562449,0
148.567457,0
148.617425,0
148.672411,0
148.7174,0
148.762389,0
148.76739,0
148.817375,0
148.86237,0
148.867364,0
148.917352,0
148.962341,0
148.96734,0
149.001921,0
149.022328,0
149.062322,0
149.067316,0
149.117305,0
149.162294,0
149.167293,0
149.217282,0
149.262283,0
149.267269,0
149.317257,0
149.372245,0
149.417234,0
149.462223,0
149.467224,0
149.51721,0
149.5622,0
149.567198,0
149.617187,0
149.662176,0
149.667175,0
149.722162,0
149.762152,0
149.767172,0
149.817139,0
149.862129,0
149.867128,0
149.917117,0
149.962105,0
149.967104,0
149.995949,0
150.017092,0
150.072079,0
150.117068,0
150.162058,0
150.167057,0
150.217046,0
150.272036,0
150.317021,0
150.362064,0
150.367058,0
150.422016,0
150.461986,0
150.466984,0
150.516974,0
150.561966,0
150.566962,0
150.621949,0
150.66194,0
150.666944,0
150.716927,0
150.761916,0
150.766915,0
150.816904,0
150.861892,0
150.866891,0
150.916885,0
150.971866,0
150.992922,0
151.016855,0
151.061845,0
151.066845,0
151.121831,0
151.161821,0
151.16682,0
151.216808,0
151.261798,0
151.266804,0
151.321784,0
151.361774,0
151.366773,0
151.416763,0
151.46175,0
151.466749,0
151.516777,0
151.561727,0
151.566725,0
151.616715,0
151.6717,0
151.71669,0
151.761679,0
151.766684,0
151.821665,0
151.861655,0
151.866654,0
151.916642,0
151.96167,0
151.966635,0
152.000921,0
152.021622,0
152.061607,0
152.066607,0
152.116595,0
152.171582,0
152.216572,0
152.261598,0
152.266598,0
152.316606,0
152.371534,0
152.416523,0
152.461513,0
152.466508,0
152.5165,0
152.571488,0
152.616476,0
152.661465,0
152.666464,0
152.721451,0
152.761442,0
152.76644,0
152.816429,0
152.861418,0
152.86642,0
152.921404,0
152.961394,0
152.966393,0
153.001054,0
153.016395,0
153.071368,0
153.116357,0
153.161347,0
153.166346,0
153.221334,0
153.27132,0
153.31631,0
153.361299,0
153.366298,0
153.421284,0
153.461316,0
153.466274,0
153.516262,0
153.571249,0
153.621237,0
153.661228,0
153.666226,0
153.716216,0
153.771201,0
153.81619,0
153.861185,0
153.866179,0
153.916168,0
153.971155,0
153.999946,0
154.016143,0
154.061133,0
154.066131,0
154.121166,0
154.161132,0
154.166128,0
154.216094,0
154.271082,0
154.32107,0
154.361061,0
154.366081,0
154.416048,0
154.471034,0
154.521023,0
154.561013,0
154.566013,0
154.621,0
154.670987,0
154.715976,0
154.760965,0
154.765964,0
154.820951,0
154.870939,0
154.915928,0
154.960917,0
154.965917,0
155.00096,0
155.020905,0
155.060894,0
155.065893,0
155.115881,0
155.170867,0
155.220856,0
155.260846,0
155.265845,0
155.315844,0
155.37082,0
155.415809,0
155.460799,0
155.465799,0
155.520784,0
155.570772,0
155.615761,0
155.670748,0
155.720736,0
155.760726,0
155.765726,0
155.815713,0
155.8707,0
155.920688,0
155.960679,0
155.965677,0
156.001377,0
156.020664,0
156.065655,0
156.070656,0
156.115685,0
156.165642,0
156.220616,0
156.265606,0
156.270605,0
156.315594,0
156.365582,0
156.370581,0
156.420568,0
156.465558,0
156.470561,0
156.515546,0
156.565534,0
156.570532,0
156.620521,0
156.66551,0
156.720497,0
156.765505,0
156.770484,0
156.820473,0
156.865463,0
156.920451,0
156.965439,0
156.970437,0
157.001143,0
157.015426,0
157.065414,0
157.070416,0
157.120397,0
157.16539,0
157.170389,0
157.215378,0
157.265367,0
157.270365,0
157.320353,0
157.365342,0
157.420329,0
157.465318,0
157.470318,0
157.520305,0
157.565294,0
157.620281,0
157.665273,0
157.670269,0
157.715258,0
157.765246,0
157.820233,0
157.865225,0
157.870226,0
157.915245,0
157.965219,0
157.970204,0
158.002987,0
158.020186,0
158.065175,0
158.115163,0
158.165151,0
158.170149,0
158.220137,0
158.265127,0
158.320114,0
158.365102,0
158.370123,0
158.415098,0
158.465079,0
158.470077,0
158.520065,0
158.565064,0
158.570053,0
158.615042,0
158.665043,0
158.670028,0
158.720017,0
158.765007,0
158.770005,0
158.819993,0
158.864982,0
158.869981,0
158.919969,0
158.96496,0
159.004059,0
159.019946,0
159.064933,0
159.069934,0
159.11992,0
159.164916,0
159.219896,0
159.264885,0
159.269884,0
159.314873,0
159.364862,0
159.36986,0
159.419848,0
159.464838,0
159.469837,0
159.519824,0
159.564839,0
159.569812,0
159.6198,0
159.664789,0
159.719776,0
159.764817,0
159.769817,0
159.81977,0
159.864737,0
159.869741,0
159.919744,0
159.964717,0
159.969715,0
160.001951,0
160.014705,0
160.064692,0
160.069692,0
160.119679,0
160.164668,0
160.169667,0
160.219669,0
160.264645,0
160.269643,0
160.319635,0
160.36462,0
160.419607,0
160.464596,0
160.469595,0
160.519583,0
160.564571,0
160.619559,0
160.66455,0
160.669547,0
160.719535,0
160.764523,0
160.769523,0
160.819544,0
160.8645,0
160.869499,0
160.919486,0
160.964475,0
160.969474,0
161.001077,0
161.019462,0
161.064451,0
161.06945,0
161.119438,0
161.164427,0
161.169426,0
161.219414,0
161.264403,0
161.31939,0
161.364379,0
161.369378,0
161.419365,0
161.464355,0
161.469389,0
161.519341,0
161.56433,0
161.56933,0
161.619329,0
161.664349,0
161.669348,0
161.719305,0
161.764282,0
161.76928,0
161.819268,0
161.86426,0
161.869278,0
161.919244,0
161.964233,0
161.999922,0
162.019233,0
162.06421,0
162.069208,0
162.119196,0
162.164235,0
162.169184,0
162.219172,0
162.264161,0
162.26916,0
162.319156,0
162.364136,0
162.369138,0
162.419124,0
162.464112,0
162.469112,0
162.519131,0
162.564088,0
162.569093,0
162.619076,0
162.664064,0
162.669065,0
162.719051,0
162.764039,0
162.76904,0
162.819029,0
162.864016,0
162.869016,0
162.919008,0
162.963994,0
162.968992,0
162.99808,0
163.01898,0
163.063967,0
163.068968,0
163.118956,0
163.163943,0
163.168945,0
163.218931,0
163.263919,0
163.268918,0
163.318907,0
163.363894,0
163.368893,0
163.418881,0
163.463871,0
163.468869,0
163.518861,0
163.563878,0
163.568927,0
163.618836,0
163.663821,0
163.66882,0
163.718808,0
163.763797,0
163.768796,0
163.818784,0
163.863773,0
163.868772,0
163.918761,0
163.963749,0
163.968747,0
163.994833,0
164.018735,0
164.063724,0
164.068723,0
164.118711,0
164.163701,0
164.168699,0
164.218687,0
164.263695,0
164.268674,0
164.318662,0
164.363658,0
164.36865,0
164.418638,0
164.463632,0
164.46863,0
164.518613,0
164.563603,0
164.568601,0
164.618601,0
164.663578,0
164.668577,0
164.718568,0
164.763554,0
164.768553,0
164.818541,0
164.86353,0
164.868528,0
164.918516,0
164.963505,0
164.968504,0
165.001922,0
165.018492,0
165.063481,0
165.06848,0
165.118468,0
165.163456,0
165.168456,0
165.218443,0
165.263432,0
165.268435,0
165.318419,0
165.363408,0
165.368407,0
165.418395,0
165.463383,0
165.468382,0
165.518416,0
165.563373,0
165.56837,0
165.618347,0
165.663335,0
165.66834,0
165.718322,0
165.763312,0
165.768309,0
165.818297,0
165.863287,0
165.868286,0
165.918273,0
165.963269,0
165.96826,0
165.997919,0
166.018249,0
166.063237,0
166.068236,0
166.118224,0
166.163213,0
166.168212,0
166.218202,0
166.263188,0
166.268188,0
166.318175,0
166.363165,0
166.368163,0
166.418151,0
166.46314,0
166.468139,0
166.518127,0
166.563117,0
166.568129,0
166.618102,0
166.663091,0
166.66809,0
166.718078,0
166.763066,0
166.768065,0
166.818053,0
166.863061,0
166.868041,0
166.918029,0
166.963018,0
166.968018,0
166.999922,0
167.018005,0
167.062993,0
167.067992,0
167.11798,0
167.162969,0
167.167968,0
167.21797,0
167.262948,0
167.267943,0
167.317979,0
167.362945,0
167.367942,0
167.417917,0
167.462908,0
167.4679,0
167.517883,0
167.562872,0
167.567871,0
167.617859,0
167.662847,0
167.667846,0
167.717833,0
167.762826,0
167.767821,0
167.81781,0
167.862798,0
167.867797,0
167.917785,0
167.962774,0
167.967772,0
167.999929,0
168.01776,0
168.062751,0
168.067748,0
168.117775,0
168.162724,0
168.167725,0
168.217711,0
168.2627,0
168.267699,0
168.317688,0
168.362676,0
168.367675,0
168.417662,0
168.462651,0
168.46765,0
168.517638,0
168.562631,0
168.56763,0
168.617613,0
168.662603,0
168.6676,0
168.717588,0
168.762577,0
168.767576,0
168.817564,0
168.862553,0
168.867551,0
168.917539,0
168.962529,0
168.967527,0
168.999921,0
169.017515,0
169.062504,0
169.067503,0
169.11749,0
169.162479,0
169.167488,0
169.217502,0
169.262468,0
169.267469,0
169.32244,0
169.36243,0
169.367429,0
169.417417,0
169.46243,0
169.467405,0
169.517392,0
169.562381,0
169.56738,0
169.617368,0
169.672354,0
169.717343,0
169.762332,0
169.767331,0
169.817319,0
169.862307,0
169.867306,0
169.917295,0
169.962283,0
169.967282,0
170.001923,0
170.022268,0
170.062258,0
170.067302,0
170.117247,0
170.162234,0
170.167234,0
170.217221,0
170.262209,0
170.267208,0
170.317196,0
170.372182,0
170.417171,0
170.46216,0
170.46717,0
170.517147,0
170.562136,0
170.567135,0
170.617122,0
170.662111,0
170.66711,0
170.722097,0
170.762086,0
170.767085,0
170.817073,0
170.862062,0
170.86706,0
170.917048,0
170.962037,0
170.967077,0
170.997922,0
171.017024,0
171.072013,0
171.117031,0
171.162,0
171.16699,0
171.216975,0
171.271961,0
171.31695,0
171.361939,0
171.366937,0
171.421924,0
171.461914,0
171.466916,0
171.516901,0
171.56189,0
171.566888,0
171.621875,0
171.661865,0
171.666863,0
171.716852,0
171.771838,0
171.816827,0
171.861815,0
171.866814,0
171.916802,0
171.97181,0
172.006923,0
172.016774,1
172.061766,1
172.066767,1
172.116753,1
172.161742,1
172.16674,1
172.216728,1
172.261717,1
172.266716,1
172.321702,1
172.361692,1
172.366691,1
172.416685,1
172.471666,1
172.516654,1
172.561642,1
172.566642,1
172.616634,1
172.671616,1
172.716605,1
172.761594,1
172.766592,1
172.821579,1
172.861569,1
172.866567,1
172.916556,1
172.961551,1
172.966546,1
173.000922,1
173.021546,1
173.06152,1
173.066516,1
173.116506,1
173.161495,1
173.166494,1
173.22148,1
173.26147,1
173.266469,1
173.316457,1
173.371443,1
173.416432,1
173.461421,1
173.466419,1
173.516407,1
173.571393,1
173.616382,1
173.661371,1
173.66637,1
173.721357,1
173.76135,1
173.766346,1
173.816334,1
173.871319,1
173.921307,1
173.961297,1
173.966296,1
173.999923,1
174.016284,1
174.071283,1
174.116259,1
174.161248,1
174.166246,1
174.216235,1
174.271221,1
174.31621,1
174.361198,1
174.366199,1
174.421183,1
174.461173,1
174.466172,1
174.51616,1
174.571146,1
174.621134,1
174.661124,1
174.666123,1
174.71611,1
174.771097,1
174.816087,1
174.861074,1
174.866073,1
174.921059,1
174.971085,1
174.995923,1
175.016048,1
175.061025,1
175.066023,1
175.12101,1
175.170997,1
175.215986,1
175.270972,1
175.32096,1
175.360951,1
175.365951,1
175.415937,1
175.470923,1
175.520948,1
175.560902,1
175.565903,1
175.620886,1
175.670873,1
175.715862,1
175.760851,1
175.76585,1
175.820836,1
175.870824,1
175.915813,1
175.960801,1
175.965816,1
176.000924,1
176.020787,1
176.060777,1
176.065776,1
176.115763,1
176.170751,1
176.220737,1
176.260775,1
176.265726,1
176.320732,1
176.3707,1
176.415689,1
176.460678,1
176.465676,1
176.520663,1
176.570651,1
176.615639,1
176.660681,1
176.67063,1
176.720639,1
176.76565,1
176.770654,1
176.815606,1
176.865584,1
176.870585,1
176.920576,1
176.965553,1
176.996721,1
177.020539,1
177.065527,1
177.070526,1
177.120514,1
177.165506,1
177.220489,1
177.265477,1
177.270476,1
177.315465,1
177.365453,1
177.420439,1
177.465427,1
177.470426,1
177.515415,1
177.565403,1
177.570402,1
177.62039,1
177.665381,1
177.720364,1
177.765353,1
177.770352,1
177.82034,1
177.865328,1
177.920314,1
177.965303,1
177.970302,1
177.998934,1
178.015295,1
178.065278,1
178.120264,1
178.165254,1
178.170253,1
178.215241,1
178.26523,1
178.270228,1
178.320215,1
178.365204,1
178.415191,1
178.465178,1
178.470177,1
178.520165,1
178.565153,1
178.620148,1
178.665172,1
178.670223,1
178.715128,1
178.765107,1
178.820102,1
178.865079,1
178.870077,1
178.915069,1
178.965054,1
178.970052,1
179.000934,1
179.02004,1
179.065029,1
179.070025,1
179.120015,1
179.165006,1
179.170002,1
179.21999,1
179.264979,1
179.319966,1
179.364952,1
179.369952,1
179.41994,1
179.464929,1
179.469927,1
179.519916,1
179.564905,1
179.569935,1
179.614891,1
179.664879,1
179.669877,1
179.719865,1
179.764853,1
179.769852,1
179.81984,1
179.864863,1
179.869827,1
179.919815,1
179.964804,1
180.000924,1
180.01979,1
180.064779,1
180.069778,1
180.119765,1
180.164754,1
180.169754,1
180.21974,1
180.264729,1
180.269728,1
180.314718,1
180.364705,1
180.369703,1
180.41969,1
180.464679,1
180.46969,1
180.519665,1
180.564701,1
180.569688,1
180.619651,1
180.664633,1
180.719616,1
180.764608,1
180.769602,1
180.81959,1
180.864578,1
180.869577,1
180.919565,1
180.964553,1
180.9696,1
181.000925,1
181.01954,1
181.064528,1
181.069527,1
181.119514,1
181.164504,1
181.169502,1
181.219491,1
181.264478,1
181.269477,1
181.319465,1
181.364453,1
181.369455,1
181.41944,1
181.464428,1
181.469428,1
181.519415,1
181.564403,1
181.569402,1
181.61939,1
181.664378,1
181.669377,1
181.719365,1
181.764353,1
181.769352,1
181.819339,1
181.864328,1
181.869346,1
181.919314,1
181.964303,1
181.969302,1
182.000975,1
182.019289,1
182.064278,1
182.069277,1
182.119265,1
182.164303,1
182.169252,1
182.219239,1
182.264228,1
182.319218,1
182.364217,1
182.369202,1
182.419192,1
182.464211,1
182.469211,1
182.51917,1
182.564182,1
182.569152,1
182.619138,1
182.664127,1
182.669127,1
182.719115,1
182.764102,1
182.769102,1
182.819095,1
182.864077,1
182.869075,1
182.919077,1
182.964052,1
182.969052,1
183.000953,1
183.019037,1
183.064027,1
183.069027,1
183.119013,1
183.164001,1
183.169,1
183.218988,1
183.263976,1
183.268975,1
183.318962,1
183.363951,1
183.36895,1
183.418937,1
183.463926,1
183.468924,1
183.518912,1
183.563902,1
183.568904,1
183.618887,1
183.663876,1
183.668874,1
183.718862,1
183.763855,1
183.768849,1
183.818873,1
183.863825,1
183.868824,1
183.918811,1
183.963801,1
183.968799,1
183.999928,1
184.018789,1
184.063775,1
184.068774,1
184.118761,1
184.163751,1
184.168748,1
184.218738,1
184.263724,1
184.268723,1
184.31871,1
184.3637,1
184.3687,1
184.418734,1
184.46371,1
184.468711,1
184.518657,1
184.563649,1
184.568648,1
184.618638,1
184.663624,1
184.668629,1
184.718618,1
184.763598,1
184.768597,1
184.818584,1
184.863573,1
184.868572,1
184.918563,1
184.963548,1
184.968546,1
184.996937,1
185.018534,1
185.063524,1
185.068521,1
185.118511,1
185.163498,1
185.168496,1
185.218484,1
185.263472,1
185.268472,1
185.318458,1
185.363448,1
185.368442,1
185.418433,1
185.463422,1
185.468421,1
185.518408,1
185.563396,1
185.568395,1
185.618383,1
185.663375,1
185.66837,1
185.718357,1
185.763346,1
185.768345,1
185.818336,1
185.863321,1
185.86832,1
185.918307,1
185.963296,1
185.968294,1
185.999043,1
186.018282,1
186.063273,1
186.068269,1
186.118256,1
186.163245,1
186.168246,1
186.218234,1
186.263257,1
186.268255,1
186.318212,1
186.363195,1
186.368205,1
186.418181,1
186.463169,1
186.468168,1
186.518168,1
186.563145,1
186.568143,1
186.61813,1
186.663129,1
186.668118,1
186.718107,1
186.763094,1
186.768104,1
186.818084,1
186.863068,1
186.868067,1
186.918054,1
186.963043,1
186.968042,1
187.002926,1
187.018035,1
187.063018,1
187.068016,1
187.118004,1
187.162993,1
187.167991,1
187.217979,1
187.262967,1
187.267966,1
187.317953,1
187.362942,1
187.367942,1
187.417928,1
187.462916,1
187.467915,1
187.517907,1
187.562891,1
187.56789,1
187.617877,1
187.662922,1
187.667864,1
187.717852,1
187.76284,1
187.767839,1
187.817827,1
187.862815,1
187.867813,1
187.917801,1
187.96279,1
187.967789,1
187.997924,1
188.017776,1
188.062764,1
188.067763,1
188.117755,1
188.162769,1
188.167771,1
188.217726,1
188.262713,1
188.267736,1
188.3177,1
188.362698,1
188.367687,1
188.417675,1
188.462663,1
188.467661,1
188.517649,1
188.562668,1
188.567637,1
188.617624,1
188.662612,1
188.667611,1
188.717598,1
188.762587,1
188.767585,1
188.817573,1
188.862561,1
188.86756,1
188.922546,1
188.962536,1
188.967535,1
188.999928,1
189.017522,1
189.062511,1
189.067509,1
189.117497,1
189.162485,1
189.167484,1
189.217476,1
189.272457,1
189.317445,1
189.362434,1
189.36744,1
189.41742,1
189.462409,1
189.467408,1
189.517395,1
189.562384,1
189.567378,1
189.622368,1
189.662358,1
189.667357,1
189.717344,1
189.762332,1
189.767331,1
189.817319,1
189.862326,1
189.867307,1
189.917295,1
189.972279,1
189.991946,1
190.017271,1
190.062286,1
190.067291,1
190.117242,1
190.162231,1
190.16723,1
190.217225,1
190.262206,1
190.267204,1
190.317192,1
190.36218,1
190.367178,1
190.417168,1
190.462155,1
190.467189,1
190.517141,1
190.562129,1
190.567128,1
190.617115,1
190.672101,1
190.717091,1
190.762122,1
190.767077,1
190.817064,1
190.87205,1
190.917038,1
190.962027,1
190.967026,1
191.001992,1
191.022012,1
191.062002,1
191.067001,1
191.117007,1
191.161976,1
191.166975,1
191.221961,1
191.261951,1
191.266951,1
191.316937,1
191.361925,1
191.366924,1
191.416911,1
191.461903,1
191.466899,1
191.516904,1
191.571871,1
191.61686,1
191.661849,1
191.666852,1
191.721834,1
191.761823,1
191.766822,1
191.816809,1
191.861798,1
191.866797,1
191.921786,1
191.961834,1
191.966795,1
192.000921,1
192.016764,1
192.071744,1
192.116733,1
192.161721,1
192.16672,1
192.216707,1
192.271693,1
192.3167,1
192.36167,1
192.366669,1
192.416656,1
192.461645,1
192.466644,1
192.516635,1
192.561619,1
192.566618,1
192.621604,1
192.661594,1
192.666592,1
192.7166,1
192.761567,1
192.766567,1
192.821552,1
192.861542,1
192.866541,1
192.916529,1
192.971514,1
193.001005,1
193.016506,1
193.061492,1
193.06649,1
193.116478,1
193.171463,1
193.216452,1
193.26144,1
193.266439,1
193.321425,1
193.361415,1
193.366413,1
193.4164,1
193.471386,1
193.521374,1
193.561365,1
193.566362,1
193.61635,1
193.671337,1
193.716324,1
193.761312,1
193.766311,1
193.821297,1
193.871284,1
193.916319,1
193.961283,1
193.966284,1
194.005063,1
194.021247,1
194.061236,1
194.066234,1
194.116221,1
194.171208,1
194.221195,1
194.261185,1
194.266183,1
194.316175,1
194.371156,1
194.416144,1
194.461133,1
194.466132,1
194.521118,1
194.571105,1
194.616093,1
194.661082,1
194.666081,1
194.721066,1
194.771055,1
194.816042,1
194.871028,1
194.921015,1
194.961005,1
194.966022,1
195.003922,1
195.015991,1
195.070977,1
195.120964,1
195.160954,1
195.165953,1
195.220938,1
195.270925,1
195.315914,1
195.360904,1
195.365902,1
195.420887,1
195.470874,1
195.515863,1
195.570848,1
195.620836,1
195.660825,1
195.665824,1
195.715814,1
195.770836,1
195.820791,1
195.860776,1
195.865773,1
195.920759,1
195.97075,1
196.003917,1
196.015738,1
196.060723,1
196.065721,1
196.120707,1
196.170694,1
196.215683,1
196.270669,1
196.320656,1
196.360646,1
196.365644,1
196.415636,1
196.470617,1
196.520604,1
196.560594,1
196.565593,1
196.61558,1
196.670566,1
196.720553,1
196.760543,1
196.765542,1
196.820527,1
196.870515,1
196.915503,1
196.960519,1
196.96549,1
197.001865,1
197.020472,1
197.070463,1
197.115452,1
197.170439,1
197.220424,1
197.260414,1
197.265413,1
197.320399,1
197.370386,1
197.420373,1
197.460363,1
197.465361,1
197.520347,1
197.570334,1
197.615326,1
197.670342,1
197.720299,1
197.770283,1
197.815271,1
197.865261,1
197.870257,1
197.920258,1
197.965232,1
198.000925,1
198.01522,1
198.065208,1
198.070206,1
198.120193,1
198.165181,1
198.220167,1
198.265155,1
198.270154,1
198.315142,1
198.365129,1
198.420116,1
198.465107,1
198.470104,1
198.515092,1
198.565078,1
198.570077,1
198.620065,1
198.665052,1
198.72004,1
198.765027,1
198.770028,1
198.82007,1
198.865001,1
198.919989,1
198.964976,1
198.969974,1
199.000009,1
199.019962,1
199.06495,1
199.119936,1
199.164924,1
199.169923,1
199.214917,1
199.264897,1
199.269896,1
199.319883,1
199.364871,1
199.36987,1
199.419857,1
199.464845,1
199.469844,1
199.519834,1
199.564853,1
199.619811,1
199.664797,1
199.669792,1
199.71978,1
199.764768,1
199.819754,1
199.864742,1
199.869742,1
199.914729,1
199.964716,1
199.969715,1
200.000538,1
200.019702,1
200.06469,1
200.069689,1
200.114677,1
200.164673,1
200.169664,1
200.21965,1
200.264638,1
200.319624,1
200.364612,1
200.369611,1
200.419599,1
200.464586,1
200.469585,1
200.519573,1
200.564561,1
200.569559,1
200.619547,1
200.664535,1
200.669534,1
200.719521,1
200.764509,1
200.769542,1
200.819495,1
200.864489,1
200.869482,1
200.919469,1
200.964457,1
200.969456,1
201.00192,1
201.019443,1
201.064432,1
201.06943,1
201.119417,1
201.164405,1
201.169407,1
201.219392,1
201.26438,1
201.269378,1
201.319366,1
201.364354,1
201.369353,1
201.419339,1
201.464366,1
201.469361,1
201.519326,1
201.564301,1
201.569331,1
201.619288,1
201.664276,1
201.669275,1
201.719262,1
201.764254,1
201.769248,1
201.819236,1
201.864224,1
201.869225,1
201.91921,1
201.964198,1
201.969218,1
202.016056,1
202.019184,1
202.064173,1
202.069171,1
202.119158,1
202.164146,1
202.169145,1
202.219132,1
202.26412,1
202.269119,1
202.319106,1
202.364094,1
202.369095,1
202.419081,1
202.464069,1
202.469068,1
202.519054,1
202.564043,1
202.569041,1
202.619028,1
202.664017,1
202.669015,1
202.719002,1
202.763991,1
202.769034,1
202.818977,1
202.863965,1
202.868965,1
202.918951,1
202.963941,1
202.968938,1
203.00304,1
203.018926,1
203.063913,1
203.068912,1
203.118898,1
203.163887,1
203.168932,1
203.218872,1
203.263861,1
203.268861,1
203.318852,1
203.363835,1
203.368835,1
203.418824,1
203.463846,1
203.46885,1
203.5188,1
203.563783,1
203.568781,1
203.618768,1
203.663757,1
203.668755,1
203.718742,1
203.763731,1
203.768732,1
203.818718,1
203.863705,1
203.868704,1
203.918691,1
203.963679,1
203.968678,1
204.009967,1
204.018665,1
204.063653,1
204.068652,1
204.118639,1
204.163631,1
204.168629,1
204.218613,1
204.263601,1
204.268599,1
204.318586,1
204.363575,1
204.368578,1
204.41856,1
204.463549,1
204.468548,1
204.518534,1
204.563523,1
204.568522,1
204.618509,1
204.663496,1
204.668496,1
204.718482,1
204.763471,1
204.76847,1
204.818456,1
204.863445,1
204.868443,1
204.91843,1
204.963419,1
204.968417,1
205.010946,1
205.018404,1
205.063393,1
205.068391,1
205.118381,1
205.163367,1
205.168365,1
205.218352,1
205.263396,1
205.268387,1
205.318342,1
205.363339,1
205.368312,1
205.418301,1
205.463289,1
205.468288,1
205.518274,1
205.563263,1
205.568265,1
205.618248,1
205.663238,1
205.668235,1
205.718222,1
205.76321,1
205.768211,1
205.818196,1
205.863184,1
205.868182,1
205.91817,1
205.963158,1
205.968157,1
206.000972,1
206.018144,1
206.063132,1
206.068131,1
206.118118,1
206.163106,1
206.168104,1
206.218092,1
206.263083,1
206.268078,1
206.318065,1
206.363053,1
206.368052,1
206.418039,1
206.463029,1
206.468026,1
206.518016,1
206.563001,1
206.568,1
206.617987,1
206.662975,1
206.667974,1
206.71796,1
206.762949,1
206.767955,1
206.817935,1
206.862923,1
206.867922,1
206.91791,1
206.962897,1
206.967896,1
207.00426,1
207.017882,1
207.062889,1
207.067869,1
207.117856,1
207.162893,1
207.167897,1
207.217853,1
207.262825,1
207.267819,1
207.317804,1
207.362792,1
207.367793,1
207.417778,1
207.462771,1
207.467765,1
207.517751,1
207.56274,1
207.567738,1
207.617725,1
207.662714,1
207.667716,1
207.7177,1
207.762688,1
207.767687,1
207.817674,1
207.862664,1
207.86766,1
207.917647,1
207.962638,1
207.967637,1
208.000924,1
208.017621,1
208.062609,1
208.067607,1
208.117594,1
208.162583,1
208.167581,1
208.217568,1
208.262557,1
208.267555,1
208.317542,1
208.36253,1
208.367529,1
208.417516,1
208.462505,1
208.467551,1
208.522488,1
208.562479,1
208.567476,1
208.617465,1
208.662452,1
208.66745,1
208.717441,1
208.762426,1
208.767426,1
208.817411,1
208.872397,1
208.917385,1
208.962373,1
208.967372,1
208.999926,1
209.017359,1
209.062352,1
209.067349,1
209.117355,1
209.162329,1
209.167323,1
209.222305,1
209.262294,1
209.267293,1
209.317282,1
209.362268,1
209.367267,1
209.417254,1
209.462242,1
209.46724,1
209.517227,1
209.572224,1
209.617201,1
209.66219,1
209.66719,1
209.717176,1
209.762164,1
209.767162,1
209.817154,1
209.862136,1
209.867135,1
209.922121,1
209.962111,1
209.967109,1
209.996918,1
210.017096,1
210.062084,1
210.067083,1
210.11707,1
210.162058,1
210.167057,1
210.217044,1
210.272029,1
210.317017,1
210.362006,1
210.367005,1
210.416991,1
210.471977,1
210.516968,1
210.561953,1
210.566952,1
210.616942,1
210.661927,1
210.666926,1
210.716912,1
210.761902,1
210.7669,1
210.821885,1
210.861874,1
210.866872,1
210.916861,1
210.971848,1
210.995958,1
211.016918,1
211.061829,1
211.066832,1
211.116807,1
211.171792,1
211.216781,1
211.261769,1
211.266772,1
211.321753,1
211.361743,1
211.366741,1
211.416728,1
211.461747,1
211.466715,1
211.521697,1
211.56169,1
211.566689,1
211.616677,1
211.671661,1
211.716649,1
211.761641,1
211.766637,1
211.816664,1
211.871608,1
211.916596,1
211.961584,1
211.966583,1
212.00392,1
212.021569,1
212.071555,1
212.116545,1
212.161532,1
212.16653,1
212.221516,1
212.261505,1
212.266504,1
212.316491,1
212.361479,1
212.366478,1
212.421463,1
212.461453,1
212.466451,1
212.516438,1
212.571469,1
212.616412,1
212.66141,1
212.666399,1
212.721386,1
212.771371,1
212.816359,1
212.861347,1
212.866355,1
212.921331,1
212.961321,1
212.966322,1
213.000922,1
213.016348,1
213.06131,1
213.066297,1
213.12128,1
213.161268,1
213.166267,1
213.216255,1
213.271239,1
213.316227,1
213.361215,1
213.366214,1
213.416201,1
213.471186,1
213.516174,1
213.561199,1
213.566167,1
213.62116,1
213.661136,1
213.666137,1
213.716122,1
213.771107,1
213.821094,1
213.861086,1
213.866082,1
213.916094,1
213.971056,1
213.997928,1
214.016043,1
214.06103,1
214.06603,1
214.121014,1
214.171002,1
214.215992,1
214.260978,1
214.265976,1
214.320961,1
214.370948,1
214.415937,1
214.470922,1
214.520911,1
214.565897,1
214.615884,1
214.665871,1
214.670866,1
214.720856,1
214.765844,1
214.820875,1
214.865836,1
214.870835,1
214.915801,1
214.965808,1
215.000922,1
215.020777,1
215.065764,1
215.070763,1
215.115752,1
215.16574,1
215.170741,1
215.220724,1
215.265713,1
215.315699,1
215.365686,1
215.370684,1
215.420685,1
215.465659,1
215.520644,1
215.565638,1
215.570673,1
215.615619,1
215.665606,1
215.720591,1
215.765579,1
215.770578,1
215.815566,1
215.865553,1
215.870552,1
215.920539,1
215.965526,1
215.970525,1
215.996854,1
216.015519,1
216.0655,1
216.070499,1
216.120486,1
216.165473,1
216.220462,1
216.265446,1
216.270445,1
216.320432,1
216.36542,1
216.420406,1
216.465394,1
216.470392,1
216.51538,1
216.565367,1
216.570366,1
216.620376,1
216.66534,1
216.670342,1
216.71533,1
216.765344,1
216.770335,1
216.820298,1
216.865287,1
216.915322,1
216.965261,1
216.970259,1
217.000932,1
217.020246,1
217.065237,1
217.120219,1
217.165208,1
217.170207,1
217.215194,1
217.265181,1
217.320167,1
217.365155,1
217.370154,1
217.415141,1
217.465128,1
217.470127,1
217.520114,1
217.56511,1
217.620087,1
217.66508,1
217.670082,1
217.720063,1
217.765048,1
217.820034,1
217.865022,1
217.870024,1
217.920014,1
217.964996,1
217.969994,1
218.000925,1
218.019983,1
218.064969,1
218.069968,1
218.114955,1
218.164943,1
218.169947,1
218.219929,1
218.264925,1
218.269915,1
218.319903,1
218.364889,1
218.369887,1
218.419875,1
218.464871,1
218.519847,1
218.564835,1
218.569834,1
218.619824,1
218.664842,1
218.669852,1
218.719797,1
218.764782,1
218.76978,1
218.814768,1
218.864755,1
218.869754,1
218.919741,1
218.964731,1
218.969727,1
219.000387,1
219.019715,1
219.064706,1
219.06975,1
219.119688,1
219.164677,1
219.219661,1
219.264649,1
219.269648,1
219.319637,1
219.364629,1
219.419608,1
219.464595,1
219.469595,1
219.514591,1
219.564569,1
219.569568,1
219.619554,1
219.664542,1
219.669541,1
219.719546,1
219.764515,1
219.769514,1
219.819501,1
219.864489,1
219.869488,1
219.919475,1
219.964465,1
219.969462,1
220.003918,1
220.019448,1
220.064436,1
220.069434,1
220.11942,1
220.164409,1
220.169407,1
220.219397,1
220.264382,1
220.269381,1
220.319367,1
220.364355,1
220.369355,1
220.419341,1
220.464329,1
220.469328,1
220.519314,1
220.564354,1
220.569341,1
220.619299,1
220.664281,1
220.669274,1
220.71926,1
220.764249,1
220.819234,1
220.864222,1
220.869218,1
220.919207,1
220.964198,1
220.969193,1
221.000925,1
221.01918,1
221.064169,1
221.069167,1
221.11918,1
221.164142,1
221.169142,1
221.219127,1
221.264115,1
221.269114,1
221.3191,1
221.364088,1
221.369087,1
221.419074,1
221.464061,1
221.46906,1
221.519047,1
221.564035,1
221.569034,1
221.614023,1
221.619036,1
221.664008,1
221.669009,1
221.718999,1
221.763984,1
221.768982,1
221.818968,1
221.863955,1
221.868955,1
221.918942,1
221.963928,1
221.968928,1
222.010923,1
222.018915,1
222.063903,1
222.068903,1
222.11889,1
222.163874,1
222.168873,1
222.21886,1
222.263848,1
222.268846,1
222.318833,1
222.363821,1
222.368821,1
222.418806,1
222.463794,1
222.468792,1
222.518779,1
222.56381,1
222.568809,1
